Cell_Barcode	grna	UMI_Count	gene
AAACCTGAGCCTTGAT	AAACCTGAGCCTTGAT	dal80_C6	5	dal80
AAACCTGTCGCGGATC	AAACCTGTCGCGGATC	gat1_F5	10	gat1
AAACGGGAGACTAGGC	AAACGGGAGACTAGGC	dal82_B8	5	dal82
AAACGGGCATCGACGC	AAACGGGCATCGACGC	gcn4_D10	17	gcn4
AAACGGGGTATCAGTC	AAACGGGGTATCAGTC	gzf3_E9	69	gzf3
AAACGGGGTGCATCTA	AAACGGGGTGCATCTA	dal81_A7	26	dal81
AAAGATGCAGCTGCTG	AAAGATGCAGCTGCTG	gln3_D4	25	gln3
AAAGATGCAGGTCTCG	AAAGATGCAGGTCTCG	dal80_H6	29	dal80
AAAGCAAAGCGAAGGG	AAAGCAAAGCGAAGGG	gat1_A5	8	gat1
AAAGCAAGTACACCGC	AAAGCAAGTACACCGC	gln3_A4	17	gln3
AAAGCAATCTTACCGC	AAAGCAATCTTACCGC	WT(ho)_C1	18	WT(ho)
AAAGCAATCTTCTGGC	AAAGCAATCTTCTGGC	gat1_A5	8	gat1
AAAGTAGTCAAGATCC	AAAGTAGTCAAGATCC	dal81_B7	10	dal81
AAATGCCCAATGAATG	AAATGCCCAATGAATG	stp2_H12	11	stp2
AAATGCCCATACCATG	AAATGCCCATACCATG	dal81_D7	13	dal81
AAATGCCGTACCGCTG	AAATGCCGTACCGCTG	dal82_E8	17	dal82
AAATGCCTCCAGATCA	AAATGCCTCCAGATCA	gln3_H4	8	gln3
AAATGCCTCGGCGCAT	AAATGCCTCGGCGCAT	gzf3_E9	16	gzf3
AACACGTAGGAGTCTG	AACACGTAGGAGTCTG	stp1_E11	11	stp1
AACCATGGTGTCGCTG	AACCATGGTGTCGCTG	dal82_B8	9	dal82
AACCGCGTCCTATGTT	AACCGCGTCCTATGTT	gzf3_C9	9	gzf3
AACGTTGCATGTTCCC	AACGTTGCATGTTCCC	WT(ho)_C1	9	WT(ho)
AACGTTGTCCGCGTTT	AACGTTGTCCGCGTTT	gln3_H4	5	gln3
AACTCCCAGACTGGGT	AACTCCCAGACTGGGT	rtg3_C3	5	rtg3
AACTCCCGTATTCTCT	AACTCCCGTATTCTCT	gzf3_C9	17	gzf3
AACTCTTCAACTGCGC	AACTCTTCAACTGCGC	rtg1_B2	6	rtg1
AACTGGTAGGCTCAGA	AACTGGTAGGCTCAGA	stp1_H11	4	stp1
AACTGGTGTGGCCCTA	AACTGGTGTGGCCCTA	gln3_F4	10	gln3
AACTTTCCACCGTTGG	AACTTTCCACCGTTGG	WT(ho)_B1	34	WT(ho)
AAGACCTCATCCTAGA	AAGACCTCATCCTAGA	dal80_C6	38	dal80
AAGACCTGTCGCCATG	AAGACCTGTCGCCATG	gzf3_C9	30	gzf3
AAGACCTGTGTCGCTG	AAGACCTGTGTCGCTG	WT(ho)_F1	6	WT(ho)
AAGACCTTCGGATGGA	AAGACCTTCGGATGGA	dal81_A7	5	dal81
AAGACCTTCGTCCGTT	AAGACCTTCGTCCGTT	WT(ho)_D1	54	WT(ho)
AAGCCGCGTCGTCTTC	AAGCCGCGTCGTCTTC	rtg1_D2	6	rtg1
AAGGAGCCAGGTGGAT	AAGGAGCCAGGTGGAT	WT(ho)_A1	16	WT(ho)
AAGGAGCGTCCATCCT	AAGGAGCGTCCATCCT	dal82_D8	13	dal82
AAGGAGCTCCAACCAA	AAGGAGCTCCAACCAA	WT(ho)_C1	42	WT(ho)
AAGGCAGTCCAGTATG	AAGGCAGTCCAGTATG	dal80_G6	44	dal80
AAGGTTCCAACTGCTA	AAGGTTCCAACTGCTA	gat1_A5	14	gat1
AAGGTTCCAGTCAGAG	AAGGTTCCAGTCAGAG	gzf3_F9	23	gzf3
AAGGTTCTCCGAGCCA	AAGGTTCTCCGAGCCA	dal82_E8	7	dal82
AAGTCTGAGATGTGGC	AAGTCTGAGATGTGGC	stp1_F11	28	stp1
AATCCAGTCAGTTTGG	AATCCAGTCAGTTTGG	stp1_H11	6	stp1
AATCGGTTCTTTACAC	AATCGGTTCTTTACAC	rtg1_G2	34	rtg1
ACACCAAAGCTAGTGG	ACACCAAAGCTAGTGG	dal80_C6	11	dal80
ACACCAAAGTGGACGT	ACACCAAAGTGGACGT	dal80_G6	30	dal80
ACACCAACAGCGTTCG	ACACCAACAGCGTTCG	gln3_E4	7	gln3
ACACCAACAGTCAGAG	ACACCAACAGTCAGAG	WT(ho)_A1	14	WT(ho)
ACACCAAGTATTACCG	ACACCAAGTATTACCG	stp1_H11	9	stp1
ACACCAAGTGGACGAT	ACACCAAGTGGACGAT	rtg1_D2	12	rtg1
ACACCCTTCGTGGACC	ACACCCTTCGTGGACC	gcn4_C10	5	gcn4
ACACTGACAATCGAAA	ACACTGACAATCGAAA	WT(ho)_F1	19	WT(ho)
ACAGCCGAGATCCTGT	ACAGCCGAGATCCTGT	WT(ho)_A1	22	WT(ho)
ACAGCCGAGCCAGGAT	ACAGCCGAGCCAGGAT	stp1_C11	21	stp1
ACAGCCGCAGCGTCCA	ACAGCCGCAGCGTCCA	gzf3_E9	6	gzf3
ACAGCCGGTAATAGCA	ACAGCCGGTAATAGCA	stp1_F11	46	stp1
ACAGCCGTCCTTCAAT	ACAGCCGTCCTTCAAT	WT(ho)_E1	16	WT(ho)
ACAGCCGTCGTCTGCT	ACAGCCGTCGTCTGCT	dal82_E8	5	dal82
ACAGCTATCCATGAGT	ACAGCTATCCATGAGT	rtg3_F3	26	rtg3
ACATACGAGAATAGGG	ACATACGAGAATAGGG	dal82_C8	6	dal82
ACATACGAGTGCGATG	ACATACGAGTGCGATG	gzf3_F9	22	gzf3
ACATACGCATTGAGCT	ACATACGCATTGAGCT	rtg1_E2	11	rtg1
ACATACGTCCAAACTG	ACATACGTCCAAACTG	gzf3_A9	20	gzf3
ACATCAGTCATCATTC	ACATCAGTCATCATTC	gzf3_F9	4	gzf3
ACATGGTCACCTATCC	ACATGGTCACCTATCC	rtg3_C3	25	rtg3
ACATGGTGTAGAAGGA	ACATGGTGTAGAAGGA	gzf3_E9	6	gzf3
ACATGGTTCTACGAGT	ACATGGTTCTACGAGT	stp2_E12	20	stp2
ACCAGTAAGGACAGAA	ACCAGTAAGGACAGAA	dal82_A8	15	dal82
ACCAGTATCCTTCAAT	ACCAGTATCCTTCAAT	gcn4_E10	5	gcn4
ACCCACTGTCATGCCG	ACCCACTGTCATGCCG	WT(ho)_D1	17	WT(ho)
ACCGTAACAGTCACTA	ACCGTAACAGTCACTA	stp1_H11	34	stp1
ACCGTAACATTAGGCT	ACCGTAACATTAGGCT	stp1_H11	64	stp1
ACCTTTATCTTGTTTG	ACCTTTATCTTGTTTG	rtg1_F2	13	rtg1
ACGAGGAAGGTCGGAT	ACGAGGAAGGTCGGAT	gat1_G5	86	gat1
ACGATACCATCACGAT	ACGATACCATCACGAT	WT(ho)_B1	28	WT(ho)
ACGATGTCATCGGTTA	ACGATGTCATCGGTTA	dal80_F6	33	dal80
ACGCCAGAGCGTGAAC	ACGCCAGAGCGTGAAC	WT(ho)_A1	4	WT(ho)
ACGCCAGCATGCTAGT	ACGCCAGCATGCTAGT	dal82_E8	26	dal82
ACGGAGAAGCTGTTCA	ACGGAGAAGCTGTTCA	gat1_E5	86	gat1
ACGGAGAGTAAGGGCT	ACGGAGAGTAAGGGCT	rtg3_G3	5	rtg3
ACGGAGATCATTCACT	ACGGAGATCATTCACT	stp1_H11	22	stp1
ACGGAGATCCACGCAG	ACGGAGATCCACGCAG	dal80_G6	39	dal80
ACGGCCAGTTTCGCTC	ACGGCCAGTTTCGCTC	WT(ho)_C1	21	WT(ho)
ACGGGTCCAGATGAGC	ACGGGTCCAGATGAGC	dal82_B8	11	dal82
ACGGGTCTCATAACCG	ACGGGTCTCATAACCG	rtg3_G3	12	rtg3
ACGGGTCTCCGGGTGT	ACGGGTCTCCGGGTGT	rtg1_F2	18	rtg1
ACGGGTCTCCTCCTAG	ACGGGTCTCCTCCTAG	dal82_C8	17	dal82
ACTATCTCAACACCTA	ACTATCTCAACACCTA	gzf3_B9	5	gzf3
ACTATCTCATTTGCCC	ACTATCTCATTTGCCC	dal82_H8	5	dal82
ACTGAACAGATCCCGC	ACTGAACAGATCCCGC	rtg3_G3	12	rtg3
ACTGAACGTAGATTAG	ACTGAACGTAGATTAG	stp2_H12	14	stp2
ACTGAACGTATAAACG	ACTGAACGTATAAACG	stp1_D11	5	stp1
ACTGAACTCAGCCTAA	ACTGAACTCAGCCTAA	gzf3_D9	15	gzf3
ACTGAGTAGCAGCGTA	ACTGAGTAGCAGCGTA	gln3_D4	30	gln3
ACTGAGTCATACAGCT	ACTGAGTCATACAGCT	dal82_H8	22	dal82
ACTGAGTGTGCCTGCA	ACTGAGTGTGCCTGCA	stp1_D11	4	stp1
ACTGAGTTCTTTACAC	ACTGAGTTCTTTACAC	WT(ho)_D1	5	WT(ho)
ACTGATGCACTACAGT	ACTGATGCACTACAGT	dal80_G6	13	dal80
ACTGATGTCGAGAACG	ACTGATGTCGAGAACG	dal80_F6	55	dal80
ACTGCTCGTAGAGCTG	ACTGCTCGTAGAGCTG	dal82_A8	32	dal82
ACTGCTCTCACTTATC	ACTGCTCTCACTTATC	rtg3_D3	5	rtg3
ACTTACTGTCAATACC	ACTTACTGTCAATACC	rtg3_C3	5	rtg3
ACTTACTGTCATATGC	ACTTACTGTCATATGC	gat1_B5	5	gat1
ACTTACTGTTCGTCTC	ACTTACTGTTCGTCTC	gat1_G5	12	gat1
ACTTTCAAGCGTCTAT	ACTTTCAAGCGTCTAT	WT(ho)_C1	16	WT(ho)
ACTTTCAGTACTCTCC	ACTTTCAGTACTCTCC	dal80_C6	5	dal80
ACTTTCAGTATAATGG	ACTTTCAGTATAATGG	dal82_C8	7	dal82
AGAATAGAGACGCACA	AGAATAGAGACGCACA	WT(ho)_D1	37	WT(ho)
AGACGTTGTGCCTGCA	AGACGTTGTGCCTGCA	gat1_E5	44	gat1
AGAGCTTTCACAAACC	AGAGCTTTCACAAACC	rtg1_C2	12	rtg1
AGAGCTTTCCAGGGCT	AGAGCTTTCCAGGGCT	rtg1_B2	8	rtg1
AGAGTGGAGAGTAAGG	AGAGTGGAGAGTAAGG	gzf3_D9	16	gzf3
AGATCTGGTCTCCATC	AGATCTGGTCTCCATC	gzf3_B9	10	gzf3
AGATCTGTCACAGGCC	AGATCTGTCACAGGCC	gzf3_E9	11	gzf3
AGATTGCAGAAGCCCA	AGATTGCAGAAGCCCA	gat1_G5	4	gat1
AGATTGCCACATGTGT	AGATTGCCACATGTGT	stp2_D12	24	stp2
AGATTGCGTTGTGGCC	AGATTGCGTTGTGGCC	dal80_B6	12	dal80
AGATTGCTCAAGCCTA	AGATTGCTCAAGCCTA	stp1_H11	23	stp1
AGCAGCCCACCATGTA	AGCAGCCCACCATGTA	gln3_A4	9	gln3
AGCAGCCTCTGCCCTA	AGCAGCCTCTGCCCTA	dal82_D8	6	dal82
AGCGGTCGTCCTCCAT	AGCGGTCGTCCTCCAT	stp1_E11	17	stp1
AGCGGTCGTTAAGGGC	AGCGGTCGTTAAGGGC	dal82_B8	16	dal82
AGCGTATGTAGGACAC	AGCGTATGTAGGACAC	dal82_E8	9	dal82
AGCGTCGCAAGTAATG	AGCGTCGCAAGTAATG	WT(ho)_A1	6	WT(ho)
AGCTCCTTCTCGTATT	AGCTCCTTCTCGTATT	gat1_F5	20	gat1
AGCTCTCAGGCAATTA	AGCTCTCAGGCAATTA	rtg1_G2	8	rtg1
AGCTCTCCACTGTCGG	AGCTCTCCACTGTCGG	rtg1_F2	11	rtg1
AGCTCTCCATGCAACT	AGCTCTCCATGCAACT	WT(ho)_E1	50	WT(ho)
AGCTCTCCATGGATGG	AGCTCTCCATGGATGG	stp1_E11	45	stp1
AGCTCTCGTTGGACCC	AGCTCTCGTTGGACCC	stp2_D12	4	stp2
AGGCCACAGAACTGTA	AGGCCACAGAACTGTA	stp1_H11	6	stp1
AGGCCACGTTGTGGCC	AGGCCACGTTGTGGCC	rtg3_E3	21	rtg3
AGGCCACTCCGTTGCT	AGGCCACTCCGTTGCT	rtg3_E3	5	rtg3
AGGCCGTGTCAACTGT	AGGCCGTGTCAACTGT	gat1_A5	15	gat1
AGGCCGTTCACCCTCA	AGGCCGTTCACCCTCA	stp1_F11	23	stp1
AGGGAGTAGAAACCGC	AGGGAGTAGAAACCGC	dal80_H6	6	dal80
AGGGAGTAGTGGGATC	AGGGAGTAGTGGGATC	stp1_E11	39	stp1
AGGGAGTCATCTATGG	AGGGAGTCATCTATGG	gzf3_A9	8	gzf3
AGGGAGTTCTGCCCTA	AGGGAGTTCTGCCCTA	stp1_G11	5	stp1
AGGGATGAGAATTGTG	AGGGATGAGAATTGTG	gat1_A5	9	gat1
AGGGATGGTACTCGCG	AGGGATGGTACTCGCG	dal82_H8	13	dal82
AGGGATGTCATCTGCC	AGGGATGTCATCTGCC	stp1_F11	5	stp1
AGGGTGAAGCTAGTCT	AGGGTGAAGCTAGTCT	WT(ho)_D1	14	WT(ho)
AGGGTGAAGGGATCTG	AGGGTGAAGGGATCTG	stp2_D12	34	stp2
AGGGTGAAGTCGAGTG	AGGGTGAAGTCGAGTG	dal80_C6	10	dal80
AGGTCATAGATGGCGT	AGGTCATAGATGGCGT	stp2_D12	10	stp2
AGGTCCGAGTACGTTC	AGGTCCGAGTACGTTC	gat1_G5	55	gat1
AGGTCCGTCCCTGACT	AGGTCCGTCCCTGACT	WT(ho)_C1	48	WT(ho)
AGTAGTCAGCGTCTAT	AGTAGTCAGCGTCTAT	stp2_D12	15	stp2
AGTAGTCCAACGATGG	AGTAGTCCAACGATGG	dal80_B6	31	dal80
AGTAGTCGTCTAGGTT	AGTAGTCGTCTAGGTT	rtg3_F3	25	rtg3
AGTGAGGAGAAACGAG	AGTGAGGAGAAACGAG	WT(ho)_C1	19	WT(ho)
AGTGAGGCACACATGT	AGTGAGGCACACATGT	rtg1_F2	4	rtg1
AGTGAGGGTAATCGTC	AGTGAGGGTAATCGTC	gzf3_D9	5	gzf3
AGTGAGGTCTTCGGTC	AGTGAGGTCTTCGGTC	dal82_B8	20	dal82
AGTGTCACACCTCGTT	AGTGTCACACCTCGTT	dal82_E8	18	dal82
AGTTGGTCATGGTTGT	AGTTGGTCATGGTTGT	stp1_H11	5	stp1
ATAAGAGAGGAATCGC	ATAAGAGAGGAATCGC	stp1_D11	5	stp1
ATAAGAGCAGCTGCTG	ATAAGAGCAGCTGCTG	gzf3_F9	6	gzf3
ATAAGAGCATCGGACC	ATAAGAGCATCGGACC	dal80_B6	24	dal80
ATAAGAGGTGTAATGA	ATAAGAGGTGTAATGA	gzf3_F9	12	gzf3
ATAGACCCAGCTGGCT	ATAGACCCAGCTGGCT	stp2_F12	13	stp2
ATAGACCGTTGTGGAG	ATAGACCGTTGTGGAG	dal80_G6	9	dal80
ATCACGAAGAAGAAGC	ATCACGAAGAAGAAGC	gln3_G4	11	gln3
ATCACGACACATTTCT	ATCACGACACATTTCT	stp2_H12	9	stp2
ATCACGAGTCTTCAAG	ATCACGAGTCTTCAAG	gzf3_E9	13	gzf3
ATCACGAGTTCGCGAC	ATCACGAGTTCGCGAC	rtg3_E3	11	rtg3
ATCATCTAGAAACCTA	ATCATCTAGAAACCTA	gzf3_A9	42	gzf3
ATCATCTCATCACAAC	ATCATCTCATCACAAC	dal82_A8	7	dal82
ATCATCTTCAATACCG	ATCATCTTCAATACCG	dal82_E8	14	dal82
ATCATGGAGTCAATAG	ATCATGGAGTCAATAG	gzf3_C9	7	gzf3
ATCCACCCATGTCGAT	ATCCACCCATGTCGAT	stp1_D11	10	stp1
ATCCACCGTCAGTGGA	ATCCACCGTCAGTGGA	stp1_H11	10	stp1
ATCCGAAAGCGTTGCC	ATCCGAAAGCGTTGCC	gln3_G4	9	gln3
ATCCGAATCCTTGCCA	ATCCGAATCCTTGCCA	dal80_C6	5	dal80
ATCGAGTTCAAGGCTT	ATCGAGTTCAAGGCTT	dal80_C6	69	dal80
ATCTACTAGTCTCGGC	ATCTACTAGTCTCGGC	gln3_H4	9	gln3
ATCTACTCAATGTAAG	ATCTACTCAATGTAAG	dal80_B6	11	dal80
ATCTACTCATGGAATA	ATCTACTCATGGAATA	gln3_G4	8	gln3
ATCTGCCGTGCGAAAC	ATCTGCCGTGCGAAAC	stp2_G12	37	stp2
ATCTGCCTCAGGCGAA	ATCTGCCTCAGGCGAA	dal80_F6	17	dal80
ATGAGGGGTAGCGTGA	ATGAGGGGTAGCGTGA	dal80_C6	9	dal80
ATGCGATAGCTCCCAG	ATGCGATAGCTCCCAG	WT(ho)_C1	4	WT(ho)
ATGCGATCAAAGCAAT	ATGCGATCAAAGCAAT	stp1_F11	23	stp1
ATGCGATGTGCAGTAG	ATGCGATGTGCAGTAG	stp2_A12	12	stp2
ATGCGATGTTCGAATC	ATGCGATGTTCGAATC	rtg3_C3	17	rtg3
ATGGGAGAGGTTCCTA	ATGGGAGAGGTTCCTA	gzf3_D9	9	gzf3
ATGGGAGCACTAAGTC	ATGGGAGCACTAAGTC	WT(ho)_A1	39	WT(ho)
ATGGGAGTCTGGAGCC	ATGGGAGTCTGGAGCC	stp1_F11	6	stp1
ATGGGAGTCTTCTGGC	ATGGGAGTCTTCTGGC	rtg3_D3	6	rtg3
ATGTGTGAGTCCATAC	ATGTGTGAGTCCATAC	dal80_G6	44	dal80
ATGTGTGTCAAACCAC	ATGTGTGTCAAACCAC	dal80_B6	16	dal80
ATGTGTGTCATACGGT	ATGTGTGTCATACGGT	gat1_A5	14	gat1
ATTACTCCATCACGAT	ATTACTCCATCACGAT	dal81_B7	15	dal81
ATTACTCTCACGACTA	ATTACTCTCACGACTA	gat1_A5	13	gat1
ATTATCCAGCTAACTC	ATTATCCAGCTAACTC	dal82_D8	20	dal82
ATTCTACAGAGACGAA	ATTCTACAGAGACGAA	rtg1_D2	26	rtg1
ATTCTACAGCAGACTG	ATTCTACAGCAGACTG	dal80_H6	25	dal80
ATTCTACGTAGGGACT	ATTCTACGTAGGGACT	gat1_H5	7	gat1
ATTCTACGTTATTCTC	ATTCTACGTTATTCTC	gln3_E4	6	gln3
ATTGGACAGAATAGGG	ATTGGACAGAATAGGG	stp1_C11	5	stp1
ATTGGACAGTACGTTC	ATTGGACAGTACGTTC	WT(ho)_F1	7	WT(ho)
ATTGGACTCATGCATG	ATTGGACTCATGCATG	stp1_D11	20	stp1
ATTGGTGAGGGTGTGT	ATTGGTGAGGGTGTGT	stp1_H11	88	stp1
ATTTCTGCAAATCCGT	ATTTCTGCAAATCCGT	stp2_E12	88	stp2
CAACCTCAGAAACCTA	CAACCTCAGAAACCTA	dal80_G6	5	dal80
CAACCTCCATTGGTAC	CAACCTCCATTGGTAC	dal81_B7	19	dal81
CAACCTCGTTTCGCTC	CAACCTCGTTTCGCTC	dal82_H8	5	dal82
CAACTAGTCTTAACCT	CAACTAGTCTTAACCT	WT(ho)_E1	11	WT(ho)
CAAGAAACACGAAAGC	CAAGAAACACGAAAGC	stp1_E11	35	stp1
CAAGAAATCAGTCCCT	CAAGAAATCAGTCCCT	stp1_D11	9	stp1
CAAGATCTCGAACTGT	CAAGATCTCGAACTGT	stp2_A12	12	stp2
CAAGGCCAGGATGGTC	CAAGGCCAGGATGGTC	stp1_C11	8	stp1
CAAGGCCAGTCGTTTG	CAAGGCCAGTCGTTTG	stp1_D11	14	stp1
CAAGGCCCACGAAACG	CAAGGCCCACGAAACG	rtg3_H3	17	rtg3
CAAGTTGCAGGACCCT	CAAGTTGCAGGACCCT	gln3_F4	4	gln3
CAAGTTGTCACAGGCC	CAAGTTGTCACAGGCC	stp2_E12	9	stp2
CAAGTTGTCACGACTA	CAAGTTGTCACGACTA	gln3_E4	5	gln3
CACAAACTCTGCAGTA	CACAAACTCTGCAGTA	gat1_A5	18	gat1
CACACAACAGACGCTC	CACACAACAGACGCTC	stp1_H11	81	stp1
CACACCTCACGACTCG	CACACCTCACGACTCG	dal80_B6	9	dal80
CACACCTGTAAATGTG	CACACCTGTAAATGTG	WT(ho)_B1	19	WT(ho)
CACACCTGTTGTCTTT	CACACCTGTTGTCTTT	gat1_F5	32	gat1
CACACCTTCAATAAGG	CACACCTTCAATAAGG	stp2_A12	7	stp2
CACACCTTCCATGCTC	CACACCTTCCATGCTC	WT(ho)_A1	55	WT(ho)
CACACTCAGAGACGAA	CACACTCAGAGACGAA	stp1_D11	30	stp1
CACACTCAGATCCCGC	CACACTCAGATCCCGC	gzf3_E9	11	gzf3
CACACTCCACGGTTTA	CACACTCCACGGTTTA	rtg1_F2	9	rtg1
CACACTCCAGCCTTGG	CACACTCCAGCCTTGG	gat1_B5	14	gat1
CACACTCGTAAATGAC	CACACTCGTAAATGAC	stp1_C11	9	stp1
CACACTCGTGCGCTTG	CACACTCGTGCGCTTG	dal80_B6	7	dal80
CACAGGCAGGGTGTTG	CACAGGCAGGGTGTTG	WT(ho)_A1	10	WT(ho)
CACAGGCCAATCTGCA	CACAGGCCAATCTGCA	stp2_F12	28	stp2
CACAGGCCATCGGGTC	CACAGGCCATCGGGTC	dal82_A8	10	dal82
CACAGGCGTAGGCATG	CACAGGCGTAGGCATG	WT(ho)_D1	6	WT(ho)
CACAGGCGTCACAAGG	CACAGGCGTCACAAGG	dal80_F6	17	dal80
CACAGGCTCGAATCCA	CACAGGCTCGAATCCA	dal82_B8	6	dal82
CACAGTAAGCGTCAAG	CACAGTAAGCGTCAAG	rtg1_E2	19	rtg1
CACAGTAAGGTCGGAT	CACAGTAAGGTCGGAT	dal80_F6	43	dal80
CACAGTAGTTCCCTTG	CACAGTAGTTCCCTTG	stp1_F11	72	stp1
CACAGTATCTCTTGAT	CACAGTATCTCTTGAT	stp1_F11	7	stp1
CACAGTATCTTGACGA	CACAGTATCTTGACGA	stp2_F12	85	stp2
CACATAGAGGCCATAG	CACATAGAGGCCATAG	rtg1_D2	16	rtg1
CACATAGCACCCAGTG	CACATAGCACCCAGTG	gzf3_D9	8	gzf3
CACATTTTCACGACTA	CACATTTTCACGACTA	gat1_H5	11	gat1
CACATTTTCGCGGATC	CACATTTTCGCGGATC	gzf3_C9	10	gzf3
CACCACTAGTTCGCAT	CACCACTAGTTCGCAT	stp2_G12	25	stp2
CACCACTCACTGTTAG	CACCACTCACTGTTAG	dal82_D8	10	dal82
CACCACTCAGTCAGAG	CACCACTCAGTCAGAG	stp2_H12	32	stp2
CACCACTGTCCGTGAC	CACCACTGTCCGTGAC	WT(ho)_D1	20	WT(ho)
CACCACTTCCAAGTAC	CACCACTTCCAAGTAC	WT(ho)_A1	39	WT(ho)
CACCTTGCACCCAGTG	CACCTTGCACCCAGTG	rtg3_F3	28	rtg3
CACCTTGCACGTCAGC	CACCTTGCACGTCAGC	WT(ho)_C1	66	WT(ho)
CACCTTGCAGTGGAGT	CACCTTGCAGTGGAGT	dal82_E8	12	dal82
CACCTTGTCATTATCC	CACCTTGTCATTATCC	stp1_D11	6	stp1
CACTCCACAATGCCAT	CACTCCACAATGCCAT	dal80_G6	44	dal80
CACTCCATCGAGAACG	CACTCCATCGAGAACG	stp1_G11	13	stp1
CAGAATCCACAGATTC	CAGAATCCACAGATTC	stp2_H12	25	stp2
CAGCAGCTCTAACTCT	CAGCAGCTCTAACTCT	rtg1_E2	16	rtg1
CAGCATAAGCACGCCT	CAGCATAAGCACGCCT	rtg3_G3	13	rtg3
CAGCCGAGTTCCCTTG	CAGCCGAGTTCCCTTG	WT(ho)_B1	15	WT(ho)
CAGCGACCATTACCTT	CAGCGACCATTACCTT	stp1_G11	34	stp1
CAGCTAAAGTGTACCT	CAGCTAAAGTGTACCT	WT(ho)_D1	38	WT(ho)
CAGCTAAGTAAGCACG	CAGCTAAGTAAGCACG	gcn4_A10	10	gcn4
CAGCTGGGTATGAATG	CAGCTGGGTATGAATG	gzf3_D9	22	gzf3
CAGCTGGTCCAGAGGA	CAGCTGGTCCAGAGGA	rtg1_C2	16	rtg1
CAGGTGCGTCTCTTTA	CAGGTGCGTCTCTTTA	dal82_H8	4	dal82
CAGTAACAGGCATGGT	CAGTAACAGGCATGGT	stp2_F12	42	stp2
CAGTAACGTCTCACCT	CAGTAACGTCTCACCT	gzf3_D9	8	gzf3
CAGTCCTCAGGTGGAT	CAGTCCTCAGGTGGAT	dal80_G6	50	dal80
CATATTCCAAGTCTGT	CATATTCCAAGTCTGT	dal80_H6	5	dal80
CATATTCGTTCTGAAC	CATATTCGTTCTGAAC	stp1_G11	9	stp1
CATATTCGTTTACTCT	CATATTCGTTTACTCT	dal81_B7	11	dal81
CATCAAGCAACACCCG	CATCAAGCAACACCCG	stp2_A12	5	stp2
CATCAAGCATCTCGCT	CATCAAGCATCTCGCT	WT(ho)_E1	39	WT(ho)
CATCAAGCATTAGGCT	CATCAAGCATTAGGCT	dal80_B6	35	dal80
CATCAAGGTTCCAACA	CATCAAGGTTCCAACA	gat1_G5	6	gat1
CATCAAGGTTGTACAC	CATCAAGGTTGTACAC	gzf3_E9	9	gzf3
CATCGAATCCGTAGGC	CATCGAATCCGTAGGC	stp1_G11	27	stp1
CATCGGGAGAGTACCG	CATCGGGAGAGTACCG	gln3_H4	13	gln3
CATCGGGAGTGAAGAG	CATCGGGAGTGAAGAG	gat1_F5	65	gat1
CATCGGGGTGGTTTCA	CATCGGGGTGGTTTCA	stp2_G12	20	stp2
CATGACAAGCGAAGGG	CATGACAAGCGAAGGG	gln3_G4	16	gln3
CATGACACATCCTAGA	CATGACACATCCTAGA	WT(ho)_B1	5	WT(ho)
CATGACATCATGTAGC	CATGACATCATGTAGC	stp2_A12	52	stp2
CATGACATCCGTCAAA	CATGACATCCGTCAAA	stp2_A12	25	stp2
CATGCCTAGAATAGGG	CATGCCTAGAATAGGG	stp1_H11	9	stp1
CATGCCTCAACACGCC	CATGCCTCAACACGCC	gat1_A5	46	gat1
CATGCCTCAATAACGA	CATGCCTCAATAACGA	dal82_B8	8	dal82
CATGCCTCACGGCTAC	CATGCCTCACGGCTAC	WT(ho)_B1	36	WT(ho)
CATGCCTCAGACACTT	CATGCCTCAGACACTT	stp1_D11	21	stp1
CATGCCTGTAGCTAAA	CATGCCTGTAGCTAAA	gzf3_B9	8	gzf3
CATGCCTGTGGCCCTA	CATGCCTGTGGCCCTA	gzf3_F9	20	gzf3
CATGCCTTCCCACTTG	CATGCCTTCCCACTTG	stp1_D11	45	stp1
CATGGCGAGTGATCGG	CATGGCGAGTGATCGG	rtg1_B2	4	rtg1
CATGGCGCAGTAAGAT	CATGGCGCAGTAAGAT	gat1_G5	5	gat1
CATGGCGGTTCGTTGA	CATGGCGGTTCGTTGA	gat1_F5	20	gat1
CATGGCGTCGTCGTTC	CATGGCGTCGTCGTTC	dal82_D8	13	dal82
CATTATCAGTACGCCC	CATTATCAGTACGCCC	stp2_G12	38	stp2
CATTATCGTACTTCTT	CATTATCGTACTTCTT	gzf3_F9	71	gzf3
CATTCGCCACTTCTGC	CATTCGCCACTTCTGC	dal80_F6	5	dal80
CATTCGCCAGCATGAG	CATTCGCCAGCATGAG	WT(ho)_E1	8	WT(ho)
CATTCGCGTAAACCTC	CATTCGCGTAAACCTC	gzf3_D9	33	gzf3
CATTCGCTCGTTACAG	CATTCGCTCGTTACAG	dal80_F6	7	dal80
CATTCGCTCTTCGAGA	CATTCGCTCTTCGAGA	stp2_A12	21	stp2
CCAATCCGTGCGAAAC	CCAATCCGTGCGAAAC	dal80_C6	19	dal80
CCAATCCTCAATCACG	CCAATCCTCAATCACG	dal80_F6	97	dal80
CCACCTACATGTTCCC	CCACCTACATGTTCCC	gzf3_F9	95	gzf3
CCACCTATCCGCATAA	CCACCTATCCGCATAA	WT(ho)_B1	18	WT(ho)
CCACGGAAGGTGTTAA	CCACGGAAGGTGTTAA	rtg3_C3	16	rtg3
CCACGGAAGTGTGGCA	CCACGGAAGTGTGGCA	stp2_D12	6	stp2
CCACGGACATGTTCCC	CCACGGACATGTTCCC	stp1_D11	28	stp1
CCACGGAGTGGTGTAG	CCACGGAGTGGTGTAG	gzf3_F9	19	gzf3
CCACGGATCAGCGACC	CCACGGATCAGCGACC	stp2_A12	16	stp2
CCACTACGTTTGGGCC	CCACTACGTTTGGGCC	WT(ho)_D1	19	WT(ho)
CCACTACTCTTTACGT	CCACTACTCTTTACGT	gat1_A5	11	gat1
CCAGCGAGTAAGAGAG	CCAGCGAGTAAGAGAG	gzf3_A9	8	gzf3
CCATGTCCAACTGCGC	CCATGTCCAACTGCGC	gzf3_B9	11	gzf3
CCATGTCCACCTCGGA	CCATGTCCACCTCGGA	gln3_E4	5	gln3
CCATGTCCACGCATCG	CCATGTCCACGCATCG	WT(ho)_B1	16	WT(ho)
CCATTCGGTAGAAAGG	CCATTCGGTAGAAAGG	gln3_A4	5	gln3
CCCAATCAGCAGGTCA	CCCAATCAGCAGGTCA	stp2_A12	28	stp2
CCCAGTTAGACTTTCG	CCCAGTTAGACTTTCG	stp1_G11	17	stp1
CCCAGTTAGAGTCGGT	CCCAGTTAGAGTCGGT	rtg3_H3	20	rtg3
CCCAGTTCAAACGCGA	CCCAGTTCAAACGCGA	stp1_D11	16	stp1
CCCAGTTCATGCCTTC	CCCAGTTCATGCCTTC	rtg3_G3	20	rtg3
CCCTCCTAGCACACAG	CCCTCCTAGCACACAG	gat1_H5	37	gat1
CCCTCCTCACGTAAGG	CCCTCCTCACGTAAGG	dal80_F6	27	dal80
CCCTCCTTCCCTCTTT	CCCTCCTTCCCTCTTT	stp1_H11	10	stp1
CCCTCCTTCTTTAGGG	CCCTCCTTCTTTAGGG	gzf3_D9	15	gzf3
CCGGGATAGGATGTAT	CCGGGATAGGATGTAT	gat1_G5	11	gat1
CCGGGATAGGCCCTCA	CCGGGATAGGCCCTCA	stp1_D11	18	stp1
CCGGTAGCAAGCGATG	CCGGTAGCAAGCGATG	WT(ho)_C1	8	WT(ho)
CCGGTAGCAATGGTCT	CCGGTAGCAATGGTCT	dal82_C8	45	dal82
CCGGTAGGTCCTCCAT	CCGGTAGGTCCTCCAT	gzf3_A9	12	gzf3
CCGGTAGGTGCCTGCA	CCGGTAGGTGCCTGCA	gzf3_C9	7	gzf3
CCGTGGAAGATAGTCA	CCGTGGAAGATAGTCA	dal82_A8	8	dal82
CCGTGGAAGTTAACGA	CCGTGGAAGTTAACGA	dal82_H8	5	dal82
CCGTGGAGTCGTCTTC	CCGTGGAGTCGTCTTC	WT(ho)_C1	5	WT(ho)
CCGTGGAGTGTTTGGT	CCGTGGAGTGTTTGGT	gzf3_A9	21	gzf3
CCGTGGAGTTGTACAC	CCGTGGAGTTGTACAC	gat1_B5	23	gat1
CCGTTCAAGCACAGGT	CCGTTCAAGCACAGGT	stp2_E12	20	stp2
CCGTTCAAGGTCGGAT	CCGTTCAAGGTCGGAT	gat1_E5	86	gat1
CCGTTCAGTAAACCTC	CCGTTCAGTAAACCTC	gln3_E4	12	gln3
CCTACACAGTCCGGTC	CCTACACAGTCCGGTC	gcn4_D10	8	gcn4
CCTACACGTAAGAGGA	CCTACACGTAAGAGGA	dal80_G6	9	dal80
CCTACCAAGCACCGTC	CCTACCAAGCACCGTC	gln3_E4	21	gln3
CCTACCATCAACGGGA	CCTACCATCAACGGGA	dal80_C6	5	dal80
CCTACCATCAGTGTTG	CCTACCATCAGTGTTG	WT(ho)_A1	20	WT(ho)
CCTACCATCTTAGAGC	CCTACCATCTTAGAGC	dal80_G6	26	dal80
CCTAGCTCATACCATG	CCTAGCTCATACCATG	gzf3_D9	60	gzf3
CCTAGCTGTCTAGCGC	CCTAGCTGTCTAGCGC	gzf3_F9	19	gzf3
CCTATTAGTAAACCTC	CCTATTAGTAAACCTC	gzf3_E9	26	gzf3
CCTATTAGTTAGATGA	CCTATTAGTTAGATGA	gzf3_E9	10	gzf3
CCTATTATCGCCAAAT	CCTATTATCGCCAAAT	dal82_B8	34	dal82
CCTCAGTAGTTAGGTA	CCTCAGTAGTTAGGTA	stp1_G11	11	stp1
CCTCAGTCAAAGGCGT	CCTCAGTCAAAGGCGT	WT(ho)_D1	21	WT(ho)
CCTTACGGTTAAAGTG	CCTTACGGTTAAAGTG	gat1_H5	24	gat1
CCTTACGTCGCAAGCC	CCTTACGTCGCAAGCC	stp1_H11	17	stp1
CCTTCCCCACAAGACG	CCTTCCCCACAAGACG	stp1_D11	7	stp1
CCTTCCCCACGGTGTC	CCTTCCCCACGGTGTC	rtg3_G3	40	rtg3
CCTTCCCGTTTCGCTC	CCTTCCCGTTTCGCTC	dal82_D8	6	dal82
CCTTCGACACCAACCG	CCTTCGACACCAACCG	gln3_F4	15	gln3
CCTTCGAGTGCGGTAA	CCTTCGAGTGCGGTAA	WT(ho)_F1	8	WT(ho)
CCTTTCTGTGACTCAT	CCTTTCTGTGACTCAT	dal82_B8	20	dal82
CGAACATCAGTAGAGC	CGAACATCAGTAGAGC	stp1_G11	28	stp1
CGAACATGTCATACTG	CGAACATGTCATACTG	gln3_F4	10	gln3
CGACCTTGTTACGTCA	CGACCTTGTTACGTCA	dal80_C6	5	dal80
CGACTTCGTAAAGTCA	CGACTTCGTAAAGTCA	dal80_A6	9	dal80
CGAGAAGAGATTACCC	CGAGAAGAGATTACCC	dal82_E8	10	dal82
CGAGAAGAGCCAGTAG	CGAGAAGAGCCAGTAG	dal80_B6	27	dal80
CGAGAAGGTCTCTTAT	CGAGAAGGTCTCTTAT	stp2_H12	4	stp2
CGAGAAGTCAACTCTT	CGAGAAGTCAACTCTT	stp1_F11	10	stp1
CGAGAAGTCAGCTTAG	CGAGAAGTCAGCTTAG	dal80_B6	9	dal80
CGAGAAGTCGATAGAA	CGAGAAGTCGATAGAA	stp1_H11	45	stp1
CGAGCACCACAGCGTC	CGAGCACCACAGCGTC	dal80_H6	4	dal80
CGAGCACCACGACGAA	CGAGCACCACGACGAA	WT(ho)_F1	15	WT(ho)
CGAGCACTCGTCGTTC	CGAGCACTCGTCGTTC	stp2_H12	18	stp2
CGAGCACTCTTGTCAT	CGAGCACTCTTGTCAT	gcn4_F10	7	gcn4
CGAGCCAAGAGCTATA	CGAGCCAAGAGCTATA	gzf3_A9	15	gzf3
CGAGCCACACCAGTTA	CGAGCCACACCAGTTA	gat1_F5	49	gat1
CGAGCCACATGCATGT	CGAGCCACATGCATGT	rtg1_F2	16	rtg1
CGATCGGAGATCCTGT	CGATCGGAGATCCTGT	rtg1_C2	26	rtg1
CGATCGGCAGTACACT	CGATCGGCAGTACACT	WT(ho)_A1	18	WT(ho)
CGATCGGCATCGGGTC	CGATCGGCATCGGGTC	gln3_G4	14	gln3
CGATCGGTCAACGGGA	CGATCGGTCAACGGGA	dal82_A8	5	dal82
CGATCGGTCCAAATGC	CGATCGGTCCAAATGC	stp2_D12	98	stp2
CGATGGCAGAAGGTGA	CGATGGCAGAAGGTGA	dal80_G6	28	dal80
CGATTGAGTCAAAGAT	CGATTGAGTCAAAGAT	gzf3_E9	8	gzf3
CGATTGAGTCGCGTGT	CGATTGAGTCGCGTGT	dal81_A7	5	dal81
CGCGGTACAATCACAC	CGCGGTACAATCACAC	WT(ho)_D1	18	WT(ho)
CGCGGTATCATAGCAC	CGCGGTATCATAGCAC	rtg3_G3	39	rtg3
CGCGGTATCTCCGGTT	CGCGGTATCTCCGGTT	stp2_D12	77	stp2
CGCGTTTAGAGTCTGG	CGCGTTTAGAGTCTGG	gat1_E5	20	gat1
CGCGTTTCATGACATC	CGCGTTTCATGACATC	dal81_H7	6	dal81
CGCGTTTGTATAAACG	CGCGTTTGTATAAACG	dal82_D8	17	dal82
CGCTATCGTATAATGG	CGCTATCGTATAATGG	rtg3_H3	27	rtg3
CGCTATCTCACAGTAC	CGCTATCTCACAGTAC	dal80_B6	20	dal80
CGCTATCTCGGAAACG	CGCTATCTCGGAAACG	dal80_B6	23	dal80
CGCTGGAAGGTGGGTT	CGCTGGAAGGTGGGTT	gat1_B5	38	gat1
CGCTGGACATGCATGT	CGCTGGACATGCATGT	stp1_C11	22	stp1
CGCTGGAGTTAAGACA	CGCTGGAGTTAAGACA	gzf3_E9	13	gzf3
CGCTGGATCAAAGTAG	CGCTGGATCAAAGTAG	dal80_F6	52	dal80
CGCTGGATCCATGAAC	CGCTGGATCCATGAAC	gzf3_D9	5	gzf3
CGCTGGATCTTGTCAT	CGCTGGATCTTGTCAT	gat1_B5	90	gat1
CGCTTCACATCAGTAC	CGCTTCACATCAGTAC	dal80_B6	16	dal80
CGCTTCAGTGCTAGCC	CGCTTCAGTGCTAGCC	stp2_G12	14	stp2
CGCTTCAGTTCATGGT	CGCTTCAGTTCATGGT	dal80_F6	33	dal80
CGGACACAGAGAGCTC	CGGACACAGAGAGCTC	WT(ho)_E1	44	WT(ho)
CGGACACAGTCATCCA	CGGACACAGTCATCCA	WT(ho)_D1	26	WT(ho)
CGGACACAGTCCCACG	CGGACACAGTCCCACG	stp2_E12	12	stp2
CGGACACCATTTCACT	CGGACACCATTTCACT	gcn4_D10	11	gcn4
CGGACACGTTCCACGG	CGGACACGTTCCACGG	dal80_H6	8	dal80
CGGACGTCAGTTAACC	CGGACGTCAGTTAACC	WT(ho)_E1	42	WT(ho)
CGGACGTCATGACATC	CGGACGTCATGACATC	rtg3_D3	14	rtg3
CGGAGTCAGACATAAC	CGGAGTCAGACATAAC	gat1_H5	39	gat1
CGGAGTCAGCGACGTA	CGGAGTCAGCGACGTA	gat1_H5	54	gat1
CGGAGTCAGTACCGGA	CGGAGTCAGTACCGGA	stp1_C11	6	stp1
CGGAGTCAGTGAATTG	CGGAGTCAGTGAATTG	WT(ho)_C1	9	WT(ho)
CGGAGTCGTAGCTTGT	CGGAGTCGTAGCTTGT	stp1_D11	16	stp1
CGGCTAGGTGTAAGTA	CGGCTAGGTGTAAGTA	dal82_A8	30	dal82
CGGGTCAAGGTGACCA	CGGGTCAAGGTGACCA	gzf3_C9	4	gzf3
CGGGTCACATATGCTG	CGGGTCACATATGCTG	dal82_H8	22	dal82
CGGTTAAAGCTCCTTC	CGGTTAAAGCTCCTTC	gln3_A4	6	gln3
CGGTTAAGTACCAGTT	CGGTTAAGTACCAGTT	rtg1_C2	10	rtg1
CGGTTAAGTCGCCATG	CGGTTAAGTCGCCATG	gln3_D4	6	gln3
CGGTTAAGTGCCTTGG	CGGTTAAGTGCCTTGG	stp1_C11	14	stp1
CGTAGCGCAGGACCCT	CGTAGCGCAGGACCCT	WT(ho)_E1	10	WT(ho)
CGTAGGCAGAGCCTAG	CGTAGGCAGAGCCTAG	WT(ho)_A1	6	WT(ho)
CGTCACTAGTGCGATG	CGTCACTAGTGCGATG	stp1_D11	5	stp1
CGTCACTCAGACACTT	CGTCACTCAGACACTT	WT(ho)_C1	7	WT(ho)
CGTCACTGTACAGTTC	CGTCACTGTACAGTTC	dal80_B6	16	dal80
CGTCACTTCGCTGATA	CGTCACTTCGCTGATA	dal80_C6	35	dal80
CGTCAGGGTCAAAGAT	CGTCAGGGTCAAAGAT	WT(ho)_E1	22	WT(ho)
CGTCAGGTCCGTAGGC	CGTCAGGTCCGTAGGC	stp1_G11	22	stp1
CGTCCATTCAATAAGG	CGTCCATTCAATAAGG	WT(ho)_A1	43	WT(ho)
CGTCCATTCAGCCTAA	CGTCCATTCAGCCTAA	gln3_F4	8	gln3
CGTCTACAGAGGTTAT	CGTCTACAGAGGTTAT	gln3_D4	10	gln3
CGTCTACCACGGTAGA	CGTCTACCACGGTAGA	stp2_D12	25	stp2
CGTCTACGTTGGACCC	CGTCTACGTTGGACCC	gat1_B5	11	gat1
CGTGAGCCAAGCTGAG	CGTGAGCCAAGCTGAG	dal82_H8	6	dal82
CGTGAGCGTGTAATGA	CGTGAGCGTGTAATGA	WT(ho)_C1	8	WT(ho)
CGTGAGCGTTAAGACA	CGTGAGCGTTAAGACA	gat1_F5	12	gat1
CGTGTAAAGTTACGGG	CGTGTAAAGTTACGGG	rtg1_F2	6	rtg1
CGTGTCTGTAGGCATG	CGTGTCTGTAGGCATG	rtg1_D2	8	rtg1
CGTGTCTTCAGTCCCT	CGTGTCTTCAGTCCCT	stp2_D12	13	stp2
CGTGTCTTCTAACTGG	CGTGTCTTCTAACTGG	stp1_F11	7	stp1
CGTTGGGCAATAGCAA	CGTTGGGCAATAGCAA	gzf3_A9	44	gzf3
CGTTGGGCACCATGTA	CGTTGGGCACCATGTA	dal82_D8	11	dal82
CGTTGGGGTTACGACT	CGTTGGGGTTACGACT	rtg1_B2	13	rtg1
CTAACTTGTACATCCA	CTAACTTGTACATCCA	rtg3_C3	59	rtg3
CTAACTTTCGCAAGCC	CTAACTTTCGCAAGCC	WT(ho)_D1	11	WT(ho)
CTAACTTTCTATCCCG	CTAACTTTCTATCCCG	rtg1_C2	35	rtg1
CTACACCCAATCAGAA	CTACACCCAATCAGAA	WT(ho)_C1	9	WT(ho)
CTACATTCACATGACT	CTACATTCACATGACT	gcn4_C10	5	gcn4
CTACATTGTGAACCTT	CTACATTGTGAACCTT	stp2_F12	6	stp2
CTACCCACACGGTAAG	CTACCCACACGGTAAG	rtg1_G2	27	rtg1
CTACCCACATTGGGCC	CTACCCACATTGGGCC	stp2_E12	23	stp2
CTACCCAGTAAGAGAG	CTACCCAGTAAGAGAG	dal80_H6	7	dal80
CTACCCATCAACCAAC	CTACCCATCAACCAAC	stp1_C11	6	stp1
CTACCCATCGCGTTTC	CTACCCATCGCGTTTC	stp1_F11	23	stp1
CTACGTCTCATGTGGT	CTACGTCTCATGTGGT	gat1_F5	18	gat1
CTAGCCTCAGGTGCCT	CTAGCCTCAGGTGCCT	gzf3_A9	28	gzf3
CTAGTGACACCATCCT	CTAGTGACACCATCCT	WT(ho)_F1	19	WT(ho)
CTAGTGAGTAGCTGCC	CTAGTGAGTAGCTGCC	WT(ho)_D1	18	WT(ho)
CTCATTAAGTTTAGGA	CTCATTAAGTTTAGGA	gcn4_G10	4	gcn4
CTCATTATCCTTTACA	CTCATTATCCTTTACA	stp2_D12	5	stp2
CTCCTAGCATCCGTGG	CTCCTAGCATCCGTGG	dal80_C6	7	dal80
CTCCTAGTCATCTGCC	CTCCTAGTCATCTGCC	gzf3_C9	17	gzf3
CTCGAAACATTAACCG	CTCGAAACATTAACCG	dal80_B6	6	dal80
CTCGAGGCAAGACGTG	CTCGAGGCAAGACGTG	gat1_A5	13	gat1
CTCGAGGTCAGTCCCT	CTCGAGGTCAGTCCCT	gln3_E4	24	gln3
CTCGGGACATCCGTGG	CTCGGGACATCCGTGG	gln3_A4	10	gln3
CTCGGGAGTTGTCTTT	CTCGGGAGTTGTCTTT	gat1_E5	26	gat1
CTCGTACCAAGGTTTC	CTCGTACCAAGGTTTC	stp1_D11	18	stp1
CTCGTACCACGAAACG	CTCGTACCACGAAACG	dal82_E8	8	dal82
CTCGTACGTCTGCAAT	CTCGTACGTCTGCAAT	stp1_C11	16	stp1
CTCGTCAGTCGGATCC	CTCGTCAGTCGGATCC	gzf3_E9	8	gzf3
CTCGTCATCATAAAGG	CTCGTCATCATAAAGG	stp2_F12	18	stp2
CTCTAATCAGCATGAG	CTCTAATCAGCATGAG	WT(ho)_E1	54	WT(ho)
CTCTAATGTGTGCCTG	CTCTAATGTGTGCCTG	gcn4_C10	6	gcn4
CTCTACGAGGCCCGTT	CTCTACGAGGCCCGTT	dal80_B6	59	dal80
CTCTACGGTCCTCCAT	CTCTACGGTCCTCCAT	gat1_A5	9	gat1
CTCTACGTCAGGTAAA	CTCTACGTCAGGTAAA	rtg3_D3	4	rtg3
CTCTGGTGTCAAAGAT	CTCTGGTGTCAAAGAT	gat1_G5	10	gat1
CTCTGGTTCAGCTCGG	CTCTGGTTCAGCTCGG	gln3_A4	19	gln3
CTGAAGTCACTTCTGC	CTGAAGTCACTTCTGC	WT(ho)_C1	20	WT(ho)
CTGATCCCAAGTAGTA	CTGATCCCAAGTAGTA	WT(ho)_A1	11	WT(ho)
CTGATCCGTGTTGAGG	CTGATCCGTGTTGAGG	WT(ho)_B1	96	WT(ho)
CTGCCTAAGAGGACGG	CTGCCTAAGAGGACGG	gln3_H4	9	gln3
CTGCGGAAGGCTAGGT	CTGCGGAAGGCTAGGT	dal82_A8	21	dal82
CTGCGGAGTAGATTAG	CTGCGGAGTAGATTAG	stp1_D11	20	stp1
CTGCGGAGTGTTCTTT	CTGCGGAGTGTTCTTT	gln3_G4	15	gln3
CTGCGGATCACCAGGC	CTGCGGATCACCAGGC	stp2_G12	15	stp2
CTGCGGATCGCCATAA	CTGCGGATCGCCATAA	stp1_G11	9	stp1
CTGCGGATCTCAAGTG	CTGCGGATCTCAAGTG	stp2_G12	5	stp2
CTGCTGTTCATCGATG	CTGCTGTTCATCGATG	stp2_A12	8	stp2
CTGTGCTTCCATGCTC	CTGTGCTTCCATGCTC	dal82_A8	8	dal82
CTTAACTCATACTCTT	CTTAACTCATACTCTT	stp1_H11	10	stp1
CTTACCGTCGCTTAGA	CTTACCGTCGCTTAGA	stp2_A12	13	stp2
CTTAGGACAGTGAGTG	CTTAGGACAGTGAGTG	gzf3_E9	8	gzf3
CTTAGGAGTCTCTCGT	CTTAGGAGTCTCTCGT	dal80_H6	10	dal80
CTTAGGATCACGACTA	CTTAGGATCACGACTA	dal82_C8	7	dal82
CTTCTCTGTAGGGTAC	CTTCTCTGTAGGGTAC	dal80_H6	10	dal80
CTTTGCGCATACAGCT	CTTTGCGCATACAGCT	gat1_F5	28	gat1
CTTTGCGTCCAGTAGT	CTTTGCGTCCAGTAGT	dal80_B6	16	dal80
GAAACTCCATGGATGG	GAAACTCCATGGATGG	stp1_H11	18	stp1
GAAACTCTCGTCTGAA	GAAACTCTCGTCTGAA	gzf3_E9	71	gzf3
GAAATGATCTTCGGTC	GAAATGATCTTCGGTC	stp2_F12	6	stp2
GAACATCAGTCTCAAC	GAACATCAGTCTCAAC	WT(ho)_D1	4	WT(ho)
GAACATCCAGAAGCAC	GAACATCCAGAAGCAC	WT(ho)_E1	26	WT(ho)
GAACATCGTACCGAGA	GAACATCGTACCGAGA	stp1_F11	8	stp1
GAACCTATCAACGCTA	GAACCTATCAACGCTA	dal80_B6	21	dal80
GAACCTATCGAATGGG	GAACCTATCGAATGGG	dal80_F6	8	dal80
GAACCTATCGATGAGG	GAACCTATCGATGAGG	gat1_F5	30	gat1
GAACGGAAGCAGGTCA	GAACGGAAGCAGGTCA	WT(ho)_F1	13	WT(ho)
GAACGGAAGGGCACTA	GAACGGAAGGGCACTA	WT(ho)_C1	5	WT(ho)
GAAGCAGAGATGGGTC	GAAGCAGAGATGGGTC	gln3_D4	7	gln3
GAAGCAGGTCTGCGGT	GAAGCAGGTCTGCGGT	gat1_B5	10	gat1
GAAGCAGTCCATGAGT	GAAGCAGTCCATGAGT	gln3_E4	4	gln3
GAAGCAGTCCTCAACC	GAAGCAGTCCTCAACC	dal80_A6	16	dal80
GAATAAGAGATGTCGG	GAATAAGAGATGTCGG	gzf3_E9	6	gzf3
GAATAAGAGGTGGGTT	GAATAAGAGGTGGGTT	stp1_E11	21	stp1
GAATAAGTCCGTAGGC	GAATAAGTCCGTAGGC	stp1_G11	8	stp1
GAATGAAAGCGCCTTG	GAATGAAAGCGCCTTG	dal80_G6	23	dal80
GAATGAAGTGTTTGTG	GAATGAAGTGTTTGTG	dal80_H6	7	dal80
GACACGCAGTTCGATC	GACACGCAGTTCGATC	stp2_F12	8	stp2
GACACGCGTTCAACCA	GACACGCGTTCAACCA	stp2_G12	28	stp2
GACAGAGCAGTGGAGT	GACAGAGCAGTGGAGT	stp2_E12	17	stp2
GACCAATTCTGTCTCG	GACCAATTCTGTCTCG	gzf3_A9	6	gzf3
GACCTGGCAAACCCAT	GACCTGGCAAACCCAT	WT(ho)_B1	6	WT(ho)
GACCTGGCACTGCCAG	GACCTGGCACTGCCAG	stp1_D11	23	stp1
GACGCGTAGAACAATC	GACGCGTAGAACAATC	rtg3_C3	5	rtg3
GACGCGTAGCGAAGGG	GACGCGTAGCGAAGGG	stp2_G12	64	stp2
GACGCGTAGTGTTGAA	GACGCGTAGTGTTGAA	stp2_A12	5	stp2
GACGCGTCAGGACCCT	GACGCGTCAGGACCCT	dal82_A8	15	dal82
GACGTGCAGAGCTATA	GACGTGCAGAGCTATA	rtg1_D2	6	rtg1
GACGTGCAGGTAGCCA	GACGTGCAGGTAGCCA	dal80_A6	26	dal80
GACGTGCGTCTAGTCA	GACGTGCGTCTAGTCA	stp2_A12	35	stp2
GACGTGCTCGGCCGAT	GACGTGCTCGGCCGAT	dal82_D8	20	dal82
GACGTGCTCGGTTAAC	GACGTGCTCGGTTAAC	gat1_F5	7	gat1
GACGTGCTCTAACGGT	GACGTGCTCTAACGGT	dal82_B8	6	dal82
GACGTTAGTGATGCCC	GACGTTAGTGATGCCC	stp2_D12	22	stp2
GACGTTAGTGTGGTTT	GACGTTAGTGTGGTTT	stp2_A12	7	stp2
GACTACACAGATGAGC	GACTACACAGATGAGC	dal81_G7	29	dal81
GACTACACATCGACGC	GACTACACATCGACGC	stp2_G12	5	stp2
GACTACATCAAGGCTT	GACTACATCAAGGCTT	gln3_F4	5	gln3
GACTGCGCATTGTGCA	GACTGCGCATTGTGCA	dal80_G6	6	dal80
GACTGCGTCTGCTTGC	GACTGCGTCTGCTTGC	rtg3_G3	13	rtg3
GAGCAGAAGATGGGTC	GAGCAGAAGATGGGTC	stp2_A12	17	stp2
GAGCAGAAGGGCACTA	GAGCAGAAGGGCACTA	dal80_F6	5	dal80
GAGGTGAAGTGAAGAG	GAGGTGAAGTGAAGAG	stp2_E12	21	stp2
GAGTCCGCATGGGAAC	GAGTCCGCATGGGAAC	WT(ho)_A1	24	WT(ho)
GATCAGTCAGTGGAGT	GATCAGTCAGTGGAGT	dal81_G7	6	dal81
GATCGATAGTTACCCA	GATCGATAGTTACCCA	dal80_C6	17	dal80
GATCGATCAGCGTTCG	GATCGATCAGCGTTCG	WT(ho)_B1	14	WT(ho)
GATCGCGGTTACAGAA	GATCGCGGTTACAGAA	gat1_A5	9	gat1
GATCGTACAACACCCG	GATCGTACAACACCCG	stp1_F11	14	stp1
GATCGTACAAGTCTAC	GATCGTACAAGTCTAC	gln3_F4	5	gln3
GATCGTACACGCGAAA	GATCGTACACGCGAAA	dal80_F6	14	dal80
GATCGTAGTCGAGTTT	GATCGTAGTCGAGTTT	WT(ho)_B1	44	WT(ho)
GATCTAGAGCTGCAAG	GATCTAGAGCTGCAAG	stp1_G11	10	stp1
GATCTAGGTGCAGGTA	GATCTAGGTGCAGGTA	dal82_A8	10	dal82
GATGAAAGTACTTCTT	GATGAAAGTACTTCTT	WT(ho)_C1	17	WT(ho)
GATGAAAGTCACCTAA	GATGAAAGTCACCTAA	WT(ho)_F1	16	WT(ho)
GATGAAATCGCAAACT	GATGAAATCGCAAACT	rtg1_F2	8	rtg1
GATGAGGGTCTGGAGA	GATGAGGGTCTGGAGA	dal80_A6	26	dal80
GATGAGGGTTGCCTCT	GATGAGGGTTGCCTCT	gat1_B5	13	gat1
GATGAGGTCTCCGGTT	GATGAGGTCTCCGGTT	gzf3_E9	9	gzf3
GATGCTAAGCCACCTG	GATGCTAAGCCACCTG	WT(ho)_D1	14	WT(ho)
GATGCTACAGGTGGAT	GATGCTACAGGTGGAT	rtg3_C3	25	rtg3
GATGCTAGTAAACACA	GATGCTAGTAAACACA	dal82_A8	9	dal82
GATTCAGGTCTCGTTC	GATTCAGGTCTCGTTC	rtg3_D3	8	rtg3
GATTCAGTCTCGTTTA	GATTCAGTCTCGTTTA	dal80_B6	16	dal80
GATTCAGTCTTATCTG	GATTCAGTCTTATCTG	stp2_F12	29	stp2
GCAAACTGTTGTACAC	GCAAACTGTTGTACAC	dal80_G6	5	dal80
GCACATAGTCGTGGCT	GCACATAGTCGTGGCT	gzf3_C9	12	gzf3
GCACATATCACGACTA	GCACATATCACGACTA	stp1_E11	12	stp1
GCACATATCACTTATC	GCACATATCACTTATC	WT(ho)_A1	5	WT(ho)
GCACATATCATAACCG	GCACATATCATAACCG	gzf3_F9	11	gzf3
GCACTCTCAAACTGTC	GCACTCTCAAACTGTC	gcn4_D10	4	gcn4
GCACTCTCAGACGCCT	GCACTCTCAGACGCCT	dal80_C6	18	dal80
GCACTCTCAGGTCGTC	GCACTCTCAGGTCGTC	dal80_C6	23	dal80
GCACTCTGTGGCAAAC	GCACTCTGTGGCAAAC	dal80_H6	29	dal80
GCAGTTAAGAGACGAA	GCAGTTAAGAGACGAA	gzf3_D9	33	gzf3
GCAGTTATCACCCGAG	GCAGTTATCACCCGAG	dal80_G6	6	dal80
GCAGTTATCTCTTGAT	GCAGTTATCTCTTGAT	stp1_H11	8	stp1
GCATACACACTCGACG	GCATACACACTCGACG	stp1_F11	6	stp1
GCATACATCCCTGACT	GCATACATCCCTGACT	dal80_H6	27	dal80
GCATGATCAACGCACC	GCATGATCAACGCACC	gzf3_E9	26	gzf3
GCATGATGTGCAGTAG	GCATGATGTGCAGTAG	stp1_D11	9	stp1
GCATGTACAAGTTCTG	GCATGTACAAGTTCTG	dal80_C6	13	dal80
GCATGTACAATGGACG	GCATGTACAATGGACG	WT(ho)_F1	7	WT(ho)
GCATGTACAGTCACTA	GCATGTACAGTCACTA	dal82_E8	35	dal82
GCATGTATCAAGAAGT	GCATGTATCAAGAAGT	WT(ho)_D1	32	WT(ho)
GCCAAATAGACTACAA	GCCAAATAGACTACAA	gzf3_A9	10	gzf3
GCCTCTACAGGATTGG	GCCTCTACAGGATTGG	stp1_G11	8	stp1
GCGACCACAGTTCCCT	GCGACCACAGTTCCCT	dal82_H8	12	dal82
GCGACCATCAGTTGAC	GCGACCATCAGTTGAC	stp1_C11	7	stp1
GCGACCATCTGAAAGA	GCGACCATCTGAAAGA	gat1_A5	10	gat1
GCGAGAAAGCCACGCT	GCGAGAAAGCCACGCT	gln3_H4	10	gln3
GCGAGAAGTACAGCAG	GCGAGAAGTACAGCAG	WT(ho)_D1	43	WT(ho)
GCGAGAAGTTTAAGCC	GCGAGAAGTTTAAGCC	dal81_B7	19	dal81
GCGCAGTAGAAACCGC	GCGCAGTAGAAACCGC	WT(ho)_A1	13	WT(ho)
GCGCAGTGTTCCCTTG	GCGCAGTGTTCCCTTG	stp2_D12	9	stp2
GCGCCAACAATGAAAC	GCGCCAACAATGAAAC	stp2_A12	8	stp2
GCGCGATTCTACTATC	GCGCGATTCTACTATC	dal82_C8	5	dal82
GCGGGTTGTCTCATCC	GCGGGTTGTCTCATCC	stp2_E12	52	stp2
GCTCCTACACATTCGA	GCTCCTACACATTCGA	stp1_F11	39	stp1
GCTCCTAGTCTAGCCG	GCTCCTAGTCTAGCCG	stp1_D11	22	stp1
GCTCTGTGTTCCGTCT	GCTCTGTGTTCCGTCT	stp1_G11	11	stp1
GCTGCAGAGCTACCTA	GCTGCAGAGCTACCTA	dal81_C7	17	dal81
GCTGCAGTCCGTACAA	GCTGCAGTCCGTACAA	stp1_G11	18	stp1
GCTGCGAAGTGAACAT	GCTGCGAAGTGAACAT	gat1_A5	9	gat1
GCTGCGACACCCTATC	GCTGCGACACCCTATC	stp2_G12	9	stp2
GCTGCGAGTTGTACAC	GCTGCGAGTTGTACAC	stp1_E11	23	stp1
GCTGCTTCAAACGCGA	GCTGCTTCAAACGCGA	dal82_C8	10	dal82
GCTGGGTCACACCGCA	GCTGGGTCACACCGCA	stp2_F12	30	stp2
GCTGGGTGTCTTTCAT	GCTGGGTGTCTTTCAT	stp2_H12	6	stp2
GCTGGGTGTGGCGAAT	GCTGGGTGTGGCGAAT	dal82_E8	30	dal82
GCTTCCAAGCGTTCCG	GCTTCCAAGCGTTCCG	WT(ho)_E1	26	WT(ho)
GCTTCCAAGTGTCCAT	GCTTCCAAGTGTCCAT	WT(ho)_E1	46	WT(ho)
GCTTCCAAGTGTTTGC	GCTTCCAAGTGTTTGC	gln3_E4	6	gln3
GCTTCCAGTAGCAAAT	GCTTCCAGTAGCAAAT	stp2_E12	5	stp2
GCTTCCATCCTTTCGG	GCTTCCATCCTTTCGG	dal80_H6	21	dal80
GCTTGAACAACGATCT	GCTTGAACAACGATCT	gat1_G5	12	gat1
GCTTGAACAGCAGTTT	GCTTGAACAGCAGTTT	stp1_C11	10	stp1
GGAAAGCTCTTCGAGA	GGAAAGCTCTTCGAGA	gln3_H4	9	gln3
GGAACTTAGACCTAGG	GGAACTTAGACCTAGG	rtg3_G3	9	rtg3
GGAACTTGTAAGAGGA	GGAACTTGTAAGAGGA	stp1_G11	5	stp1
GGAATAAGTGCTTCTC	GGAATAAGTGCTTCTC	gzf3_A9	79	gzf3
GGACAAGCACTGAAGG	GGACAAGCACTGAAGG	dal80_A6	20	dal80
GGACAGAAGGGATCTG	GGACAGAAGGGATCTG	dal81_C7	28	dal81
GGACAGATCCAGAGGA	GGACAGATCCAGAGGA	gzf3_B9	27	gzf3
GGACATTAGCAAATCA	GGACATTAGCAAATCA	stp2_E12	5	stp2
GGACATTCAAACCTAC	GGACATTCAAACCTAC	stp2_D12	10	stp2
GGACATTCAGATTGCT	GGACATTCAGATTGCT	WT(ho)_A1	6	WT(ho)
GGACATTCATGACATC	GGACATTCATGACATC	dal82_A8	8	dal82
GGACATTGTGGTTTCA	GGACATTGTGGTTTCA	dal81_D7	9	dal81
GGACATTTCTGTCTCG	GGACATTTCTGTCTCG	gln3_G4	16	gln3
GGACGTCCATGGGACA	GGACGTCCATGGGACA	dal82_E8	22	dal82
GGACGTCTCCTTGACC	GGACGTCTCCTTGACC	stp2_G12	6	stp2
GGAGCAAGTTAAGGGC	GGAGCAAGTTAAGGGC	stp1_E11	9	stp1
GGAGCAATCCAAGCCG	GGAGCAATCCAAGCCG	stp2_D12	41	stp2
GGATGTTTCTGCTTGC	GGATGTTTCTGCTTGC	rtg1_F2	5	rtg1
GGATTACAGCCACGTC	GGATTACAGCCACGTC	gat1_F5	15	gat1
GGATTACCAGGGTATG	GGATTACCAGGGTATG	WT(ho)_C1	5	WT(ho)
GGCAATTCAAGGTGTG	GGCAATTCAAGGTGTG	dal80_C6	10	dal80
GGCAATTCATACGCCG	GGCAATTCATACGCCG	dal80_B6	9	dal80
GGCAATTGTCTTCAAG	GGCAATTGTCTTCAAG	WT(ho)_B1	12	WT(ho)
GGCCGATAGGGAAACA	GGCCGATAGGGAAACA	gln3_H4	14	gln3
GGCGACTAGCGGCTTC	GGCGACTAGCGGCTTC	gat1_E5	5	gat1
GGCGACTAGTGGCACA	GGCGACTAGTGGCACA	dal82_B8	39	dal82
GGCGACTCAATCCGAT	GGCGACTCAATCCGAT	stp1_D11	13	stp1
GGCGTGTGTAGGAGTC	GGCGTGTGTAGGAGTC	stp2_D12	5	stp2
GGCTCGAAGCTGCCCA	GGCTCGAAGCTGCCCA	WT(ho)_D1	8	WT(ho)
GGCTCGACACAAGTAA	GGCTCGACACAAGTAA	dal80_C6	6	dal80
GGCTCGATCGGGAGTA	GGCTCGATCGGGAGTA	stp1_E11	14	stp1
GGCTGGTCATCCGCGA	GGCTGGTCATCCGCGA	stp1_H11	9	stp1
GGCTGGTTCTACTCAT	GGCTGGTTCTACTCAT	dal80_G6	33	dal80
GGGAATGTCGGAAATA	GGGAATGTCGGAAATA	WT(ho)_F1	5	WT(ho)
GGGACCTAGCTACCTA	GGGACCTAGCTACCTA	gzf3_C9	18	gzf3
GGGACCTAGGAACTGC	GGGACCTAGGAACTGC	gat1_G5	10	gat1
GGGACCTAGGCTCAGA	GGGACCTAGGCTCAGA	dal80_A6	10	dal80
GGGAGATGTAAGGGAA	GGGAGATGTAAGGGAA	gzf3_C9	16	gzf3
GGGAGATGTCGTTGTA	GGGAGATGTCGTTGTA	gat1_F5	7	gat1
GGGATGATCCTTGCCA	GGGATGATCCTTGCCA	stp2_A12	5	stp2
GGGCATCAGCTTATCG	GGGCATCAGCTTATCG	rtg1_C2	41	rtg1
GGGCATCCATACGCTA	GGGCATCCATACGCTA	stp2_H12	23	stp2
GGGCATCGTCAGGACA	GGGCATCGTCAGGACA	rtg1_F2	8	rtg1
GGGCATCTCTGTCTAT	GGGCATCTCTGTCTAT	rtg1_F2	15	rtg1
GGGTTGCCATTCGACA	GGGTTGCCATTCGACA	WT(ho)_B1	37	WT(ho)
GGGTTGCGTCTAAACC	GGGTTGCGTCTAAACC	stp1_C11	21	stp1
GGGTTGCTCACCAGGC	GGGTTGCTCACCAGGC	WT(ho)_B1	11	WT(ho)
GGTATTGAGATACACA	GGTATTGAGATACACA	dal80_A6	35	dal80
GGTATTGGTGGTCCGT	GGTATTGGTGGTCCGT	gzf3_B9	6	gzf3
GGTGAAGAGCTAGTGG	GGTGAAGAGCTAGTGG	dal80_G6	10	dal80
GGTGAAGCAGGTTTCA	GGTGAAGCAGGTTTCA	gat1_F5	5	gat1
GGTGAAGGTAGGGACT	GGTGAAGGTAGGGACT	dal82_D8	11	dal82
GGTGAAGTCTATCGCC	GGTGAAGTCTATCGCC	dal81_A7	19	dal81
GGTGCGTAGTCTTGCA	GGTGCGTAGTCTTGCA	stp1_F11	16	stp1
GGTGCGTCAAATCCGT	GGTGCGTCAAATCCGT	dal81_G7	28	dal81
GGTGCGTGTTCCCTTG	GGTGCGTGTTCCCTTG	stp1_D11	6	stp1
GGTGCGTGTTTGGCGC	GGTGCGTGTTTGGCGC	gzf3_B9	5	gzf3
GGTGTTACATCACAAC	GGTGTTACATCACAAC	WT(ho)_B1	7	WT(ho)
GTAACGTAGATGGGTC	GTAACGTAGATGGGTC	WT(ho)_B1	26	WT(ho)
GTAACGTCAAGCCTAT	GTAACGTCAAGCCTAT	stp2_A12	36	stp2
GTAACGTTCGAGAACG	GTAACGTTCGAGAACG	rtg1_E2	17	rtg1
GTAACTGGTCTCAACA	GTAACTGGTCTCAACA	gzf3_A9	9	gzf3
GTAACTGGTGATGTGG	GTAACTGGTGATGTGG	stp1_C11	11	stp1
GTAACTGTCATCGATG	GTAACTGTCATCGATG	WT(ho)_C1	38	WT(ho)
GTAACTGTCTTGACGA	GTAACTGTCTTGACGA	dal80_F6	6	dal80
GTACGTAAGTGGACGT	GTACGTAAGTGGACGT	dal80_B6	15	dal80
GTACTCCAGAAGGCCT	GTACTCCAGAAGGCCT	gzf3_E9	14	gzf3
GTACTCCCAAGGTTTC	GTACTCCCAAGGTTTC	gzf3_E9	35	gzf3
GTACTCCCACCACGTG	GTACTCCCACCACGTG	stp2_A12	43	stp2
GTACTCCGTTTAGCTG	GTACTCCGTTTAGCTG	stp1_E11	51	stp1
GTACTCCTCGTACCGG	GTACTCCTCGTACCGG	WT(ho)_B1	33	WT(ho)
GTACTTTAGATCCCGC	GTACTTTAGATCCCGC	stp1_E11	54	stp1
GTACTTTAGCGTAGTG	GTACTTTAGCGTAGTG	stp2_G12	80	stp2
GTACTTTAGTCCATAC	GTACTTTAGTCCATAC	WT(ho)_F1	10	WT(ho)
GTACTTTGTCAGTGGA	GTACTTTGTCAGTGGA	gln3_D4	5	gln3
GTACTTTGTGCGCTTG	GTACTTTGTGCGCTTG	gat1_E5	8	gat1
GTACTTTTCAGCTCGG	GTACTTTTCAGCTCGG	stp2_D12	19	stp2
GTACTTTTCAGTTTGG	GTACTTTTCAGTTTGG	stp2_E12	28	stp2
GTACTTTTCTAACCGA	GTACTTTTCTAACCGA	WT(ho)_D1	14	WT(ho)
GTAGGCCAGATGCCTT	GTAGGCCAGATGCCTT	dal80_A6	15	dal80
GTAGGCCGTGCGCTTG	GTAGGCCGTGCGCTTG	stp2_G12	8	stp2
GTAGTCAGTCAGAAGC	GTAGTCAGTCAGAAGC	gat1_A5	8	gat1
GTCAAGTCACACCGAC	GTCAAGTCACACCGAC	gat1_F5	20	gat1
GTCACAACAAGACGTG	GTCACAACAAGACGTG	rtg1_B2	4	rtg1
GTCACAACATGAACCT	GTCACAACATGAACCT	stp2_F12	26	stp2
GTCACAAGTTTGACTG	GTCACAAGTTTGACTG	dal80_A6	27	dal80
GTCACAATCTTGCAAG	GTCACAATCTTGCAAG	dal80_F6	51	dal80
GTCACGGAGCTGATAA	GTCACGGAGCTGATAA	stp1_H11	44	stp1
GTCACGGGTCATGCAT	GTCACGGGTCATGCAT	gzf3_B9	32	gzf3
GTCACGGTCACTCCTG	GTCACGGTCACTCCTG	rtg1_E2	16	rtg1
GTCATTTAGTGCCATT	GTCATTTAGTGCCATT	stp1_F11	28	stp1
GTCATTTCATCCTAGA	GTCATTTCATCCTAGA	gzf3_D9	29	gzf3
GTCCTCACATGCCACG	GTCCTCACATGCCACG	dal80_H6	26	dal80
GTCGGGTCATGGTTGT	GTCGGGTCATGGTTGT	dal82_E8	6	dal82
GTCGTAATCAGATAAG	GTCGTAATCAGATAAG	gzf3_B9	6	gzf3
GTGAAGGAGCCAGAAC	GTGAAGGAGCCAGAAC	rtg3_G3	7	rtg3
GTGAAGGAGTACGTAA	GTGAAGGAGTACGTAA	dal80_C6	5	dal80
GTGAAGGTCTGCTGCT	GTGAAGGTCTGCTGCT	gzf3_F9	10	gzf3
GTGCAGCAGACGCACA	GTGCAGCAGACGCACA	gat1_G5	40	gat1
GTGCAGCGTACCATCA	GTGCAGCGTACCATCA	stp1_H11	11	stp1
GTGCATAAGCTGCCCA	GTGCATAAGCTGCCCA	rtg1_C2	8	rtg1
GTGCATAGTCTCTTAT	GTGCATAGTCTCTTAT	WT(ho)_B1	7	WT(ho)
GTGCGGTGTTCAGGCC	GTGCGGTGTTCAGGCC	dal80_B6	5	dal80
GTGGGTCAGCAATATG	GTGGGTCAGCAATATG	gat1_G5	30	gat1
GTGGGTCCAGGGTTAG	GTGGGTCCAGGGTTAG	stp2_H12	30	stp2
GTGTGCGTCAAACCGT	GTGTGCGTCAAACCGT	stp2_A12	10	stp2
GTGTTAGAGTTGTAGA	GTGTTAGAGTTGTAGA	dal80_A6	8	dal80
GTGTTAGCAGGGATTG	GTGTTAGCAGGGATTG	stp2_E12	31	stp2
GTGTTAGCATTCTCAT	GTGTTAGCATTCTCAT	gzf3_A9	29	gzf3
GTGTTAGTCACTTACT	GTGTTAGTCACTTACT	stp1_D11	39	stp1
GTTAAGCAGTACACCT	GTTAAGCAGTACACCT	rtg1_B2	6	rtg1
GTTAAGCCACAGCGTC	GTTAAGCCACAGCGTC	WT(ho)_C1	8	WT(ho)
GTTAAGCCACCGGAAA	GTTAAGCCACCGGAAA	dal80_G6	40	dal80
GTTAAGCCATACAGCT	GTTAAGCCATACAGCT	WT(ho)_F1	8	WT(ho)
GTTAAGCCATCACGTA	GTTAAGCCATCACGTA	rtg1_D2	29	rtg1
GTTAAGCTCGCCCTTA	GTTAAGCTCGCCCTTA	gat1_F5	14	gat1
GTTACAGCAATCAGAA	GTTACAGCAATCAGAA	stp2_E12	18	stp2
GTTACAGTCTTAGCCC	GTTACAGTCTTAGCCC	stp1_G11	37	stp1
GTTCGGGAGACTCGGA	GTTCGGGAGACTCGGA	stp1_C11	31	stp1
GTTCGGGTCTTAGAGC	GTTCGGGTCTTAGAGC	WT(ho)_A1	23	WT(ho)
GTTCTCGAGCCAGAAC	GTTCTCGAGCCAGAAC	stp1_D11	12	stp1
GTTCTCGCATGGGACA	GTTCTCGCATGGGACA	stp1_F11	13	stp1
GTTCTCGGTGCAGACA	GTTCTCGGTGCAGACA	dal80_G6	53	dal80
GTTTCTAAGATGGGTC	GTTTCTAAGATGGGTC	dal81_A7	11	dal81
GTTTCTAAGGTTACCT	GTTTCTAAGGTTACCT	gln3_A4	6	gln3
GTTTCTACAACACCCG	GTTTCTACAACACCCG	rtg1_C2	7	rtg1
GTTTCTATCCGCAAGC	GTTTCTATCCGCAAGC	gcn4_C10	32	gcn4
TAAACCGCATCAGTAC	TAAACCGCATCAGTAC	WT(ho)_A1	11	WT(ho)
TAAGAGAAGCCAGGAT	TAAGAGAAGCCAGGAT	WT(ho)_D1	10	WT(ho)
TAAGAGACAAACCTAC	TAAGAGACAAACCTAC	gzf3_D9	13	gzf3
TAAGAGAGTGATGTGG	TAAGAGAGTGATGTGG	stp2_G12	42	stp2
TAAGCGTCAAAGCAAT	TAAGCGTCAAAGCAAT	gzf3_A9	19	gzf3
TAAGCGTGTGGCAAAC	TAAGCGTGTGGCAAAC	dal82_E8	6	dal82
TAAGCGTTCAAACCGT	TAAGCGTTCAAACCGT	stp1_G11	56	stp1
TAAGTGCCAGATAATG	TAAGTGCCAGATAATG	WT(ho)_D1	18	WT(ho)
TAAGTGCGTAATCACC	TAAGTGCGTAATCACC	gat1_G5	5	gat1
TAAGTGCGTTTAGCTG	TAAGTGCGTTTAGCTG	stp2_E12	39	stp2
TACACGAGTGTGACGA	TACACGAGTGTGACGA	stp2_G12	5	stp2
TACACGATCATTCACT	TACACGATCATTCACT	WT(ho)_F1	6	WT(ho)
TACAGTGAGTCCGTAT	TACAGTGAGTCCGTAT	stp1_F11	18	stp1
TACAGTGAGTGTCCAT	TACAGTGAGTGTCCAT	stp2_E12	63	stp2
TACAGTGCATCTGGTA	TACAGTGCATCTGGTA	dal81_C7	8	dal81
TACAGTGGTAAGCACG	TACAGTGGTAAGCACG	rtg3_E3	30	rtg3
TACAGTGTCATGCATG	TACAGTGTCATGCATG	stp2_A12	69	stp2
TACAGTGTCATTATCC	TACAGTGTCATTATCC	dal81_C7	11	dal81
TACCTATCACTAGTAC	TACCTATCACTAGTAC	gzf3_B9	7	gzf3
TACCTATGTGCCTGGT	TACCTATGTGCCTGGT	dal80_G6	45	dal80
TACCTATGTGTAACGG	TACCTATGTGTAACGG	dal80_F6	47	dal80
TACCTATTCGTAGGAG	TACCTATTCGTAGGAG	stp1_F11	10	stp1
TACCTTACAGGTCCAC	TACCTTACAGGTCCAC	dal80_A6	26	dal80
TACCTTATCCAAGCCG	TACCTTATCCAAGCCG	stp2_F12	25	stp2
TACCTTATCTGCGGCA	TACCTTATCTGCGGCA	dal80_F6	38	dal80
TACGGATCATATGCTG	TACGGATCATATGCTG	gln3_G4	10	gln3
TACGGGCAGTGTTAGA	TACGGGCAGTGTTAGA	dal80_H6	18	dal80
TACGGGCCACAGCCCA	TACGGGCCACAGCCCA	rtg3_E3	31	rtg3
TACGGGCCACGGCTAC	TACGGGCCACGGCTAC	WT(ho)_A1	10	WT(ho)
TACGGGCGTTTAAGCC	TACGGGCGTTTAAGCC	gat1_H5	8	gat1
TACGGTAGTTTGCATG	TACGGTAGTTTGCATG	dal81_D7	11	dal81
TACTCATAGTGGAGTC	TACTCATAGTGGAGTC	stp1_D11	8	stp1
TACTCATTCTAAGCCA	TACTCATTCTAAGCCA	WT(ho)_D1	6	WT(ho)
TACTCGCGTAGGGTAC	TACTCGCGTAGGGTAC	dal82_A8	27	dal82
TACTCGCGTGCAACGA	TACTCGCGTGCAACGA	WT(ho)_E1	45	WT(ho)
TACTTACCAGACAAGC	TACTTACCAGACAAGC	WT(ho)_C1	9	WT(ho)
TACTTACTCCGCAAGC	TACTTACTCCGCAAGC	dal82_C8	10	dal82
TACTTGTCACCGAAAG	TACTTGTCACCGAAAG	dal80_G6	69	dal80
TAGACCATCAGATAAG	TAGACCATCAGATAAG	WT(ho)_F1	33	WT(ho)
TAGAGCTCACCGATAT	TAGAGCTCACCGATAT	dal80_A6	13	dal80
TAGAGCTTCTGTTGAG	TAGAGCTTCTGTTGAG	gzf3_D9	16	gzf3
TAGCCGGAGGAGTCTG	TAGCCGGAGGAGTCTG	stp1_D11	11	stp1
TAGCCGGGTTCACGGC	TAGCCGGGTTCACGGC	dal80_B6	26	dal80
TAGCCGGTCCCACTTG	TAGCCGGTCCCACTTG	stp2_H12	27	stp2
TAGCCGGTCCCATTTA	TAGCCGGTCCCATTTA	gzf3_D9	29	gzf3
TAGGCATAGACAGAGA	TAGGCATAGACAGAGA	gzf3_D9	5	gzf3
TAGGCATAGCCCAACC	TAGGCATAGCCCAACC	dal80_G6	15	dal80
TAGGCATAGTGCGATG	TAGGCATAGTGCGATG	rtg3_E3	14	rtg3
TAGGCATCATTACGAC	TAGGCATCATTACGAC	gzf3_A9	55	gzf3
TAGGCATTCCATTCTA	TAGGCATTCCATTCTA	stp2_D12	34	stp2
TAGTGGTAGGGATGGG	TAGTGGTAGGGATGGG	dal80_B6	6	dal80
TAGTGGTCACCGAATT	TAGTGGTCACCGAATT	WT(ho)_C1	36	WT(ho)
TAGTGGTGTAAGCACG	TAGTGGTGTAAGCACG	rtg1_D2	20	rtg1
TAGTTGGAGATATACG	TAGTTGGAGATATACG	gat1_E5	14	gat1
TAGTTGGAGCTACCTA	TAGTTGGAGCTACCTA	dal82_H8	11	dal82
TAGTTGGAGGGAAACA	TAGTTGGAGGGAAACA	dal81_A7	14	dal81
TAGTTGGCACACATGT	TAGTTGGCACACATGT	gzf3_A9	26	gzf3
TAGTTGGCAGTGACAG	TAGTTGGCAGTGACAG	gzf3_D9	6	gzf3
TAGTTGGGTGATGTGG	TAGTTGGGTGATGTGG	stp1_H11	7	stp1
TATCAGGCAAGAAAGG	TATCAGGCAAGAAAGG	rtg3_E3	6	rtg3
TATCAGGCAATAACGA	TATCAGGCAATAACGA	stp1_C11	27	stp1
TATCTCACAGGGTATG	TATCTCACAGGGTATG	stp2_D12	46	stp2
TATGCCCAGCGATAGC	TATGCCCAGCGATAGC	stp1_H11	5	stp1
TATGCCCAGGCTCATT	TATGCCCAGGCTCATT	dal82_H8	22	dal82
TATGCCCCAACTGCTA	TATGCCCCAACTGCTA	gln3_D4	13	gln3
TATGCCCGTCAACATC	TATGCCCGTCAACATC	WT(ho)_E1	21	WT(ho)
TATGCCCGTTCAGACT	TATGCCCGTTCAGACT	rtg1_E2	21	rtg1
TATGCCCTCCAAACAC	TATGCCCTCCAAACAC	stp2_A12	29	stp2
TATTACCCATCTATGG	TATTACCCATCTATGG	dal82_C8	5	dal82
TCAACGAAGAGTGACC	TCAACGAAGAGTGACC	gzf3_C9	23	gzf3
TCAACGAGTACCGTAT	TCAACGAGTACCGTAT	WT(ho)_D1	54	WT(ho)
TCAATCTGTAACGACG	TCAATCTGTAACGACG	WT(ho)_A1	5	WT(ho)
TCAATCTGTGTTTGGT	TCAATCTGTGTTTGGT	stp2_H12	5	stp2
TCACAAGAGCCCGAAA	TCACAAGAGCCCGAAA	stp2_F12	19	stp2
TCACAAGAGCTAGTTC	TCACAAGAGCTAGTTC	rtg1_B2	4	rtg1
TCAGATGCACACCGCA	TCAGATGCACACCGCA	WT(ho)_C1	15	WT(ho)
TCAGATGCACCGCTAG	TCAGATGCACCGCTAG	stp1_E11	26	stp1
TCAGATGGTTATCACG	TCAGATGGTTATCACG	WT(ho)_A1	12	WT(ho)
TCAGATGGTTCATGGT	TCAGATGGTTCATGGT	stp2_F12	74	stp2
TCAGCAAAGGCCCGTT	TCAGCAAAGGCCCGTT	WT(ho)_E1	5	WT(ho)
TCAGCAAAGGCGATAC	TCAGCAAAGGCGATAC	gzf3_F9	17	gzf3
TCAGGATAGCTACCTA	TCAGGATAGCTACCTA	WT(ho)_B1	28	WT(ho)
TCAGGATGTGTGAAAT	TCAGGATGTGTGAAAT	WT(ho)_D1	12	WT(ho)
TCAGGATGTTTGGGCC	TCAGGATGTTTGGGCC	dal80_F6	18	dal80
TCAGGTATCAGCATGT	TCAGGTATCAGCATGT	dal82_B8	12	dal82
TCATTTGCACTCAGGC	TCATTTGCACTCAGGC	stp2_G12	14	stp2
TCCACACAGACTTTCG	TCCACACAGACTTTCG	dal80_B6	37	dal80
TCCACACCAAGCTGGA	TCCACACCAAGCTGGA	rtg3_C3	11	rtg3
TCCACACGTCTCCACT	TCCACACGTCTCCACT	dal80_G6	18	dal80
TCCACACTCTGCGACG	TCCACACTCTGCGACG	dal82_E8	52	dal82
TCCCGATGTCTGCAAT	TCCCGATGTCTGCAAT	dal80_C6	35	dal80
TCGAGGCTCGTACCGG	TCGAGGCTCGTACCGG	stp2_F12	5	stp2
TCGCGAGGTAAGCACG	TCGCGAGGTAAGCACG	WT(ho)_A1	26	WT(ho)
TCGCGAGGTCAAAGCG	TCGCGAGGTCAAAGCG	WT(ho)_D1	21	WT(ho)
TCGCGAGTCCAAACAC	TCGCGAGTCCAAACAC	stp1_G11	12	stp1
TCGCGTTAGCTCCCAG	TCGCGTTAGCTCCCAG	stp1_H11	5	stp1
TCGGGACCAGCATGAG	TCGGGACCAGCATGAG	gzf3_D9	43	gzf3
TCGGGACCATGTTCCC	TCGGGACCATGTTCCC	stp2_E12	8	stp2
TCGGGACGTATATGGA	TCGGGACGTATATGGA	dal80_B6	16	dal80
TCGGGACTCAGCATGT	TCGGGACTCAGCATGT	dal80_B6	12	dal80
TCGGGACTCCGCATAA	TCGGGACTCCGCATAA	dal80_H6	19	dal80
TCGGGACTCTAAGCCA	TCGGGACTCTAAGCCA	WT(ho)_C1	17	WT(ho)
TCGGTAACAAGCGAGT	TCGGTAACAAGCGAGT	gat1_E5	6	gat1
TCGGTAAGTCGAGATG	TCGGTAAGTCGAGATG	rtg3_F3	34	rtg3
TCGTACCCACGAAAGC	TCGTACCCACGAAAGC	WT(ho)_C1	13	WT(ho)
TCGTAGAAGTTCGCAT	TCGTAGAAGTTCGCAT	gat1_A5	7	gat1
TCGTAGATCAGCTCTC	TCGTAGATCAGCTCTC	WT(ho)_F1	10	WT(ho)
TCTATTGAGCGGATCA	TCTATTGAGCGGATCA	gzf3_A9	14	gzf3
TCTATTGGTCTAGTCA	TCTATTGGTCTAGTCA	rtg3_C3	24	rtg3
TCTATTGGTCTGATTG	TCTATTGGTCTGATTG	gzf3_B9	13	gzf3
TCTCATACAGATGAGC	TCTCATACAGATGAGC	dal80_H6	17	dal80
TCTCTAAGTCGCGAAA	TCTCTAAGTCGCGAAA	rtg3_H3	10	rtg3
TCTCTAATCTCAAACG	TCTCTAATCTCAAACG	stp2_E12	8	stp2
TCTGAGAAGCTGCAAG	TCTGAGAAGCTGCAAG	stp2_H12	6	stp2
TCTGAGATCGATCCCT	TCTGAGATCGATCCCT	stp1_F11	24	stp1
TCTGAGATCTTGACGA	TCTGAGATCTTGACGA	gzf3_B9	12	gzf3
TCTGGAAAGCGTTTAC	TCTGGAAAGCGTTTAC	dal80_A6	54	dal80
TCTGGAAGTCGAATCT	TCTGGAAGTCGAATCT	stp2_D12	11	stp2
TCTGGAATCCGAATGT	TCTGGAATCCGAATGT	WT(ho)_A1	9	WT(ho)
TCTGGAATCTGCCAGG	TCTGGAATCTGCCAGG	dal82_A8	5	dal82
TCTTCGGGTTCGCGAC	TCTTCGGGTTCGCGAC	gat1_F5	6	gat1
TCTTTCCAGCGCTCCA	TCTTTCCAGCGCTCCA	WT(ho)_B1	28	WT(ho)
TCTTTCCAGCTAACAA	TCTTTCCAGCTAACAA	gzf3_B9	8	gzf3
TCTTTCCAGGAGTAGA	TCTTTCCAGGAGTAGA	gzf3_A9	25	gzf3
TCTTTCCCACCCATGG	TCTTTCCCACCCATGG	gat1_A5	15	gat1
TCTTTCCCACTTAAGC	TCTTTCCCACTTAAGC	WT(ho)_F1	11	WT(ho)
TCTTTCCGTATAGGTA	TCTTTCCGTATAGGTA	dal80_C6	4	dal80
TCTTTCCTCTTGCCGT	TCTTTCCTCTTGCCGT	WT(ho)_D1	11	WT(ho)
TGAAAGAAGTTGCAGG	TGAAAGAAGTTGCAGG	dal82_C8	11	dal82
TGAAAGACACTAAGTC	TGAAAGACACTAAGTC	stp2_F12	48	stp2
TGACAACCAGCGATCC	TGACAACCAGCGATCC	dal81_B7	23	dal81
TGACGGCAGGAGCGAG	TGACGGCAGGAGCGAG	gat1_F5	9	gat1
TGACTAGAGACAGACC	TGACTAGAGACAGACC	gln3_E4	23	gln3
TGACTAGTCGGCTTGG	TGACTAGTCGGCTTGG	dal80_G6	49	dal80
TGACTTTAGGATGCGT	TGACTTTAGGATGCGT	rtg3_C3	23	rtg3
TGACTTTAGGCGCTCT	TGACTTTAGGCGCTCT	stp1_C11	6	stp1
TGAGAGGAGAGTGACC	TGAGAGGAGAGTGACC	rtg1_B2	7	rtg1
TGAGCATTCACTGGGC	TGAGCATTCACTGGGC	stp2_H12	14	stp2
TGAGCCGTCGAGGTAG	TGAGCCGTCGAGGTAG	gat1_F5	11	gat1
TGAGCCGTCGGAGCAA	TGAGCCGTCGGAGCAA	gzf3_E9	12	gzf3
TGATTTCTCGCATGAT	TGATTTCTCGCATGAT	dal81_C7	9	dal81
TGATTTCTCGCGTTTC	TGATTTCTCGCGTTTC	dal80_G6	29	dal80
TGATTTCTCTTGACGA	TGATTTCTCTTGACGA	rtg1_C2	5	rtg1
TGCACCTAGAAACCTA	TGCACCTAGAAACCTA	stp1_F11	41	stp1
TGCACCTCAAACAACA	TGCACCTCAAACAACA	stp2_H12	26	stp2
TGCACCTCAGTACACT	TGCACCTCAGTACACT	dal81_C7	28	dal81
TGCCAAAGTCTCTCGT	TGCCAAAGTCTCTCGT	gzf3_D9	25	gzf3
TGCCAAAGTCTCTTTA	TGCCAAAGTCTCTTTA	dal80_G6	17	dal80
TGCCAAAGTTTGGGCC	TGCCAAAGTTTGGGCC	dal82_A8	17	dal82
TGCCAAATCTTGCATT	TGCCAAATCTTGCATT	dal80_H6	38	dal80
TGCCCATGTTGAGTTC	TGCCCATGTTGAGTTC	WT(ho)_C1	5	WT(ho)
TGCCCATTCAGATAAG	TGCCCATTCAGATAAG	stp2_H12	13	stp2
TGCCCATTCTAACTCT	TGCCCATTCTAACTCT	WT(ho)_F1	13	WT(ho)
TGCCCTAGTACTTCTT	TGCCCTAGTACTTCTT	stp2_F12	12	stp2
TGCCCTATCGTCACGG	TGCCCTATCGTCACGG	dal80_H6	12	dal80
TGCGTGGGTCCGACGT	TGCGTGGGTCCGACGT	dal81_D7	10	dal81
TGCTACCCACGGATAG	TGCTACCCACGGATAG	gat1_H5	17	gat1
TGCTACCTCGCGATCG	TGCTACCTCGCGATCG	stp1_C11	10	stp1
TGCTGCTCAACAACCT	TGCTGCTCAACAACCT	gzf3_F9	7	gzf3
TGCTGCTCATATGAGA	TGCTGCTCATATGAGA	stp2_D12	12	stp2
TGCTGCTGTTACGTCA	TGCTGCTGTTACGTCA	dal80_C6	10	dal80
TGGACGCCATCTCCCA	TGGACGCCATCTCCCA	gzf3_E9	22	gzf3
TGGACGCGTGCGAAAC	TGGACGCGTGCGAAAC	rtg1_G2	7	rtg1
TGGCGCAGTCTGCCAG	TGGCGCAGTCTGCCAG	stp1_E11	10	stp1
TGGCTGGAGTACGACG	TGGCTGGAGTACGACG	gzf3_B9	4	gzf3
TGGCTGGCATGGATGG	TGGCTGGCATGGATGG	gln3_E4	26	gln3
TGGCTGGTCGAGCCCA	TGGCTGGTCGAGCCCA	dal82_D8	10	dal82
TGGGAAGAGGTGCAAC	TGGGAAGAGGTGCAAC	stp1_E11	10	stp1
TGGGCGTGTTAAAGTG	TGGGCGTGTTAAAGTG	WT(ho)_D1	14	WT(ho)
TGGGCGTTCGGTGTTA	TGGGCGTTCGGTGTTA	rtg3_H3	13	rtg3
TGGTTAGAGGCCCTTG	TGGTTAGAGGCCCTTG	rtg3_D3	6	rtg3
TGGTTAGTCTGATACG	TGGTTAGTCTGATACG	stp1_C11	5	stp1
TGGTTCCAGGAATTAC	TGGTTCCAGGAATTAC	WT(ho)_D1	12	WT(ho)
TGGTTCCCAGTAAGCG	TGGTTCCCAGTAAGCG	gat1_B5	18	gat1
TGGTTCCGTCGCGTGT	TGGTTCCGTCGCGTGT	gat1_F5	13	gat1
TGGTTCCGTTCACGGC	TGGTTCCGTTCACGGC	WT(ho)_B1	8	WT(ho)
TGGTTCCTCATTATCC	TGGTTCCTCATTATCC	rtg1_G2	14	rtg1
TGTATTCAGGGTGTGT	TGTATTCAGGGTGTGT	rtg1_B2	6	rtg1
TGTCCCACACGGACAA	TGTCCCACACGGACAA	gzf3_B9	6	gzf3
TGTCCCAGTAGATTAG	TGTCCCAGTAGATTAG	WT(ho)_D1	13	WT(ho)
TGTCCCATCCCAGGTG	TGTCCCATCCCAGGTG	stp2_H12	79	stp2
TGTCCCATCCGCGCAA	TGTCCCATCCGCGCAA	dal81_G7	38	dal81
TGTGGTACAACACCCG	TGTGGTACAACACCCG	rtg1_D2	10	rtg1
TGTGTTTGTTCACCTC	TGTGTTTGTTCACCTC	dal80_G6	48	dal80
TGTTCCGAGAGAGCTC	TGTTCCGAGAGAGCTC	gzf3_F9	27	gzf3
TTAACTCCAATAAGCA	TTAACTCCAATAAGCA	dal82_C8	7	dal82
TTAACTCCACCCATTC	TTAACTCCACCCATTC	gzf3_C9	6	gzf3
TTAACTCGTTCTGTTT	TTAACTCGTTCTGTTT	WT(ho)_F1	35	WT(ho)
TTAGGACGTCTCCATC	TTAGGACGTCTCCATC	dal80_F6	26	dal80
TTAGGCAAGGATTCGG	TTAGGCAAGGATTCGG	stp1_F11	8	stp1
TTAGGCACAGCGATCC	TTAGGCACAGCGATCC	dal82_C8	6	dal82
TTAGGCAGTGACTCAT	TTAGGCAGTGACTCAT	rtg1_G2	23	rtg1
TTAGGCATCACTATTC	TTAGGCATCACTATTC	stp2_F12	7	stp2
TTAGGCATCCCTGACT	TTAGGCATCCCTGACT	dal80_F6	7	dal80
TTAGTTCCAGCGTTCG	TTAGTTCCAGCGTTCG	dal82_E8	37	dal82
TTATGCTAGTTCCACA	TTATGCTAGTTCCACA	gat1_B5	15	gat1
TTATGCTGTCGCCATG	TTATGCTGTCGCCATG	gat1_E5	37	gat1
TTCCCAGCACAGACAG	TTCCCAGCACAGACAG	stp1_H11	19	stp1
TTCGAAGCACGCATCG	TTCGAAGCACGCATCG	dal82_A8	21	dal82
TTCGAAGTCTTAACCT	TTCGAAGTCTTAACCT	stp2_F12	65	stp2
TTCGGTCGTAACGTTC	TTCGGTCGTAACGTTC	gzf3_A9	12	gzf3
TTCGGTCTCCGATATG	TTCGGTCTCCGATATG	gzf3_E9	13	gzf3
TTCTACAGTCCGTTAA	TTCTACAGTCCGTTAA	rtg3_G3	8	rtg3
TTCTACATCCTCAATT	TTCTACATCCTCAATT	WT(ho)_C1	30	WT(ho)
TTCTACATCTACGAGT	TTCTACATCTACGAGT	rtg3_E3	23	rtg3
TTCTCCTCAACAACCT	TTCTCCTCAACAACCT	dal82_E8	36	dal82
TTCTTAGCATCGACGC	TTCTTAGCATCGACGC	gat1_A5	25	gat1
TTCTTAGGTCTCCACT	TTCTTAGGTCTCCACT	WT(ho)_E1	19	WT(ho)
TTCTTAGTCGTTGACA	TTCTTAGTCGTTGACA	dal81_G7	14	dal81
TTGAACGGTCCAACTA	TTGAACGGTCCAACTA	WT(ho)_A1	18	WT(ho)
TTGAACGTCACCGGGT	TTGAACGTCACCGGGT	gat1_H5	14	gat1
TTGACTTAGGCGATAC	TTGACTTAGGCGATAC	dal80_A6	13	dal80
TTGCCGTAGAGTAATC	TTGCCGTAGAGTAATC	WT(ho)_C1	19	WT(ho)
TTGCCGTCATGGTCTA	TTGCCGTCATGGTCTA	WT(ho)_B1	6	WT(ho)
TTGCCGTTCTACGAGT	TTGCCGTTCTACGAGT	dal80_B6	23	dal80
TTGCGTCAGAAGGACA	TTGCGTCAGAAGGACA	gln3_A4	10	gln3
TTGCGTCGTAGGCATG	TTGCGTCGTAGGCATG	gat1_E5	6	gat1
TTGCGTCGTTAGTGGG	TTGCGTCGTTAGTGGG	dal80_C6	5	dal80
TTGCGTCTCTGTCAAG	TTGCGTCTCTGTCAAG	WT(ho)_B1	23	WT(ho)
TTGGAACGTATCACCA	TTGGAACGTATCACCA	gat1_E5	15	gat1
TTGGAACGTTTACTCT	TTGGAACGTTTACTCT	WT(ho)_D1	39	WT(ho)
TTGGCAAAGCGGATCA	TTGGCAAAGCGGATCA	dal82_D8	6	dal82
TTGGCAATCTGGTATG	TTGGCAATCTGGTATG	dal80_H6	21	dal80
TTGTAGGTCGAACTGT	TTGTAGGTCGAACTGT	dal80_H6	39	dal80
TTTACTGAGCAAATCA	TTTACTGAGCAAATCA	stp1_E11	8	stp1
TTTACTGGTATCACCA	TTTACTGGTATCACCA	WT(ho)_C1	23	WT(ho)
TTTACTGGTTATTCTC	TTTACTGGTTATTCTC	gat1_B5	5	gat1
TTTATGCGTATTCGTG	TTTATGCGTATTCGTG	gzf3_B9	6	gzf3
TTTATGCGTTACAGAA	TTTATGCGTTACAGAA	rtg3_E3	16	rtg3
TTTATGCTCAAGGTAA	TTTATGCTCAAGGTAA	gln3_D4	30	gln3
TTTATGCTCATGTGGT	TTTATGCTCATGTGGT	WT(ho)_E1	9	WT(ho)
TTTCCTCTCCAGATCA	TTTCCTCTCCAGATCA	dal80_G6	19	dal80
TTTGCGCGTGTCGCTG	TTTGCGCGTGTCGCTG	stp1_E11	21	stp1
TTTGCGCGTTGGGACA	TTTGCGCGTTGGGACA	gat1_A5	7	gat1
TTTGGTTAGTACACCT	TTTGGTTAGTACACCT	gcn4_A10	14	gcn4
TTTGGTTCAGCGTAAG	TTTGGTTCAGCGTAAG	gat1_G5	9	gat1
TTTGTCACAGAGCCAA	TTTGTCACAGAGCCAA	stp2_F12	56	stp2
